model,objective,seed,scenario_index,repeat_index,run_number,success,goal_pursuit,social_adaptation,world_grounding,strategic_sophistication,total,goal_pursuit_bf,strategic_sophistication_bf,total_bf,cluster,turn_first_talk,turn_first_captain_talk,turn_captain_trust_70,turn_first_probe,turns_used
claude_haiku,gain_watch_trust,20260302,1,1,1,0,3.0667,3.3,4.7905,3.885,3.76,3.0667,3.885,3.7605,tier_2,7,7,,7,50
claude_haiku,gain_watch_trust,20260302,1,2,11,0,4.4,2.8526,4.5238,3.366,3.79,4.4,3.366,3.7856,tier_2,7,7,15,7,50
claude_haiku,gain_watch_trust,20260302,1,3,21,0,3.2,3.4429,4.381,3.6338,3.66,3.2,3.6338,3.6644,tier_2,7,7,49,7,50
claude_haiku,gain_watch_trust,20260302,1,4,31,0,4.4,2.42,4.381,3.0233,3.56,4.4,3.0233,3.5561,tier_2,7,7,16,7,50
claude_haiku,gain_watch_trust,20260302,1,5,41,0,4.4,3.0526,4.5905,3.4493,3.87,4.4,3.4493,3.8731,tier_2,7,7,11,7,50
claude_haiku,gain_watch_trust,20260399,3,1,3,0,4.4,2.78,4.5238,3.3583,3.77,4.4,3.3583,3.7655,tier_2,7,7,18,7,50
claude_haiku,gain_watch_trust,20260399,3,2,13,0,3.0667,3.4538,4.6476,3.8305,3.75,3.0667,3.8305,3.7497,tier_2,7,7,35,7,50
claude_haiku,gain_watch_trust,20260399,3,3,23,0,4.4,2.4263,4.5238,3.0833,3.61,4.4,3.0833,3.6084,tier_2,7,7,13,7,50
claude_haiku,gain_watch_trust,20260399,3,4,33,0,4.2667,3.4158,4.5238,3.6623,3.97,4.2667,3.6623,3.9671,tier_2,7,7,33,7,50
claude_haiku,gain_watch_trust,20260399,3,5,43,0,3.9556,2.9895,4.381,3.2996,3.66,3.9556,3.2996,3.6564,tier_2,7,7,25,7,50
claude_haiku,gain_watch_trust,20260496,5,1,5,0,3.0222,3.6143,4.7238,3.7562,3.78,3.0222,3.7562,3.7791,tier_2,7,7,50,7,50
claude_haiku,gain_watch_trust,20260496,5,2,15,0,4.4,2.4091,4.4571,2.96,3.56,4.4,2.96,3.5566,tier_2,7,7,18,7,50
claude_haiku,gain_watch_trust,20260496,5,3,25,0,4.4,2.4333,4.5238,3.0033,3.59,4.4,3.0033,3.5901,tier_2,7,7,12,7,50
claude_haiku,gain_watch_trust,20260496,5,4,35,0,4.1333,2.6412,4.5905,3.1467,3.63,4.1333,3.1467,3.6279,tier_2,7,7,16,7,50
claude_haiku,gain_watch_trust,20260496,5,5,45,0,4.4,3.04,4.5905,3.4267,3.86,4.4,3.4267,3.8643,tier_2,7,7,12,7,50
claude_haiku,gain_watch_trust,20260593,7,1,7,0,3.9111,2.65,4.5905,3.1067,3.56,3.9111,3.1067,3.5646,tier_2,7,7,33,7,50
claude_haiku,gain_watch_trust,20260593,7,2,17,0,3.6,3.4158,4.5238,3.6286,3.79,3.6,3.6286,3.792,tier_2,7,7,19,7,50
claude_haiku,gain_watch_trust,20260593,7,3,27,0,4.4,2.396,4.3905,2.9167,3.53,4.4,2.9167,3.5258,tier_2,7,7,16,7,50
claude_haiku,gain_watch_trust,20260593,7,4,37,0,4.1333,3.4,4.5905,3.7217,3.96,4.1333,3.7217,3.9614,tier_2,7,7,17,7,50
claude_haiku,gain_watch_trust,20260593,7,5,47,0,3.7333,2.66,4.5238,2.9033,3.46,3.7333,2.9033,3.4551,tier_2,7,7,12,7,50
claude_haiku,gain_watch_trust,20260690,9,1,9,0,4.0889,2.8526,4.5905,3.4293,3.74,4.0889,3.4293,3.7403,tier_2,7,7,15,7,50
claude_haiku,gain_watch_trust,20260690,9,2,19,0,3.0222,3.5667,4.6476,3.7433,3.74,3.0222,3.7433,3.745,tier_2,7,7,,7,50
claude_haiku,gain_watch_trust,20260690,9,3,29,0,3.2444,3.4143,4.5905,3.6452,3.72,3.2444,3.6452,3.7236,tier_2,7,7,34,7,50
claude_haiku,gain_watch_trust,20260690,9,4,39,0,4.1333,3.4789,4.5238,3.6486,3.95,4.1333,3.6486,3.9462,tier_2,7,7,12,7,50
claude_haiku,gain_watch_trust,20260690,9,5,49,0,3.8667,3.4789,4.6667,3.6686,3.92,3.8667,3.6686,3.9202,tier_2,7,7,15,7,50
claude_haiku,identify_marked_contact,20260302,2,1,2,1,5.0,3.5286,4.4476,4.7643,4.44,4.6,4.1643,4.1851,tier_2,6,,,6,35
claude_haiku,identify_marked_contact,20260302,2,2,12,1,5.0,3.1,4.2143,4.1504,4.12,4.6,3.5504,3.8662,tier_2,6,19,,6,19
claude_haiku,identify_marked_contact,20260302,2,3,22,1,5.0,3.4,4.5143,4.6144,4.38,4.6,4.0144,4.1322,tier_2,6,,,6,29
claude_haiku,identify_marked_contact,20260302,2,4,32,0,2.0,2.8857,4.4476,3.191,3.13,2.0,3.191,3.1311,tier_2,6,21,,6,50
claude_haiku,identify_marked_contact,20260302,2,5,42,0,2.0,3.1,4.581,3.8017,3.37,2.0,3.8017,3.3707,tier_2,6,37,,6,50
claude_haiku,identify_marked_contact,20260399,4,1,4,1,5.0,3.4,4.5143,4.6489,4.39,4.6,4.0489,4.1408,tier_2,6,,,6,29
claude_haiku,identify_marked_contact,20260399,4,2,14,1,5.0,2.5,4.1476,3.725,3.84,4.6,3.125,3.5932,tier_2,6,,,6,16
claude_haiku,identify_marked_contact,20260399,4,3,24,0,2.0,3.3,4.581,3.8833,3.44,2.0,3.8833,3.4411,tier_2,6,40,,6,50
claude_haiku,identify_marked_contact,20260399,4,4,34,1,5.0,3.5286,4.5143,4.8083,4.46,4.6,4.2083,4.2128,tier_2,6,21,,6,40
claude_haiku,identify_marked_contact,20260399,4,5,44,1,5.0,2.5,4.1476,3.725,3.84,4.6,3.125,3.5932,tier_2,6,,,6,16
claude_haiku,identify_marked_contact,20260496,6,1,6,1,5.0,3.6,4.5143,4.787,4.48,4.6,4.187,4.2253,tier_2,6,,,6,41
claude_haiku,identify_marked_contact,20260496,6,2,16,1,5.0,3.1,4.4476,4.3026,4.21,4.6,3.7026,3.9626,tier_2,6,,,6,29
claude_haiku,identify_marked_contact,20260496,6,3,26,1,5.0,3.4,4.5143,4.787,4.43,4.6,4.187,4.1753,tier_2,6,,,6,41
claude_haiku,identify_marked_contact,20260496,6,4,36,1,5.0,3.36,4.4476,4.3937,4.3,4.6,3.7937,4.0503,tier_2,6,,,6,32
claude_haiku,identify_marked_contact,20260496,6,5,46,0,2.0,3.3,4.581,3.8233,3.43,2.0,3.8233,3.4261,tier_2,6,35,,6,50
claude_haiku,identify_marked_contact,20260593,8,1,8,0,3.925,3.64,4.6476,4.61,4.21,3.925,4.61,4.2057,tier_2,6,43,,6,50
claude_haiku,identify_marked_contact,20260593,8,2,18,0,2.0,2.8,4.5143,3.3675,3.17,2.0,3.3675,3.1704,tier_2,6,40,,6,50
claude_haiku,identify_marked_contact,20260593,8,3,28,0,3.925,3.1,4.5143,3.97,3.88,3.925,3.97,3.8773,tier_2,6,48,,6,50
claude_haiku,identify_marked_contact,20260593,8,4,38,1,5.0,2.5,4.3143,3.7515,3.89,4.6,3.1515,3.6415,tier_2,6,,,6,22
claude_haiku,identify_marked_contact,20260593,8,5,48,1,5.0,3.1,4.3143,4.1504,4.14,4.6,3.5504,3.8912,tier_2,6,19,,6,19
claude_haiku,identify_marked_contact,20260690,10,1,10,1,5.0,3.7,4.5143,4.7377,4.49,4.6,4.1377,4.238,tier_2,7,7,,7,46
claude_haiku,identify_marked_contact,20260690,10,2,20,1,5.0,3.3,4.5143,4.7594,4.39,4.6,4.1594,4.1434,tier_2,6,,,6,46
claude_haiku,identify_marked_contact,20260690,10,3,30,0,3.7,3.1857,4.581,4.0495,3.88,3.7,4.0495,3.879,tier_2,7,,,7,50
claude_haiku,identify_marked_contact,20260690,10,4,40,1,5.0,3.4,4.381,4.731,4.38,4.6,4.131,4.128,tier_2,7,7,,7,28
claude_haiku,identify_marked_contact,20260690,10,5,50,1,5.0,2.8,4.5143,4.3764,4.17,4.6,3.7764,3.9227,tier_2,6,,,6,45
claude_opus,gain_watch_trust,20260302,1,1,1,0,3.5111,3.72,4.7238,4.2033,4.04,3.5111,4.2033,4.0396,tier_2,6,6,11,6,50
claude_opus,gain_watch_trust,20260302,1,2,11,0,3.1556,3.7,4.581,3.6756,3.78,3.1556,3.6756,3.778,tier_2,5,5,11,5,50
claude_opus,gain_watch_trust,20260302,1,3,21,0,3.6444,3.5615,4.5905,3.7221,3.88,3.6444,3.7221,3.8796,tier_2,6,6,10,6,50
claude_opus,gain_watch_trust,20260302,1,4,31,0,4.4,2.9,4.581,3.625,3.88,4.4,3.625,3.8765,tier_2,5,5,11,5,50
claude_opus,gain_watch_trust,20260302,1,5,41,0,4.4,2.45,4.5238,2.9833,3.59,4.4,2.9833,3.5893,tier_2,6,6,11,6,50
claude_opus,gain_watch_trust,20260399,3,1,3,0,3.9556,3.025,4.5905,3.4079,3.74,3.9556,3.4079,3.7447,tier_2,6,6,10,6,50
claude_opus,gain_watch_trust,20260399,3,2,13,0,3.9111,2.8769,4.5143,3.4785,3.7,3.9111,3.4785,3.6952,tier_2,5,5,12,5,50
claude_opus,gain_watch_trust,20260399,3,3,23,0,3.3778,3.2333,4.8571,3.9511,3.85,3.3778,3.9511,3.8548,tier_2,6,6,11,6,50
claude_opus,gain_watch_trust,20260399,3,4,33,0,3.5556,4.0,4.5905,4.0033,4.04,3.5556,4.0033,4.0373,tier_2,6,6,10,6,50
claude_opus,gain_watch_trust,20260399,3,5,43,0,3.3333,3.18,4.7238,3.7533,3.75,3.3333,3.7533,3.7476,tier_2,6,6,13,6,50
claude_opus,gain_watch_trust,20260496,5,1,5,0,3.8222,2.8364,4.5143,3.5109,3.67,3.8222,3.5109,3.6709,tier_2,5,5,16,5,50
claude_opus,gain_watch_trust,20260496,5,2,15,0,4.0889,3.0571,4.6571,3.5157,3.83,4.0889,3.5157,3.8297,tier_2,5,5,37,5,50
claude_opus,gain_watch_trust,20260496,5,3,25,0,3.0222,4.0,4.581,3.8856,3.87,3.0222,3.8856,3.8722,tier_2,5,5,11,5,50
claude_opus,gain_watch_trust,20260496,5,4,35,0,3.4667,2.2846,4.8,3.17,3.43,3.4667,3.17,3.4303,tier_2,5,5,16,5,50
claude_opus,gain_watch_trust,20260496,5,5,45,0,3.9111,3.8,4.7238,4.19,4.16,3.9111,4.19,4.1562,tier_2,6,6,11,6,50
claude_opus,gain_watch_trust,20260593,7,1,7,0,3.3778,3.2143,4.5905,3.681,3.72,3.3778,3.681,3.7159,tier_2,6,6,13,6,50
claude_opus,gain_watch_trust,20260593,7,2,17,0,3.3333,3.8857,4.7238,4.2133,4.04,3.3333,4.2133,4.039,tier_2,6,6,11,6,50
claude_opus,gain_watch_trust,20260593,7,3,27,0,3.9556,2.2714,4.4571,2.92,3.4,3.9556,2.92,3.401,tier_2,5,5,17,5,50
claude_opus,gain_watch_trust,20260593,7,4,37,0,3.1556,3.3,4.6476,3.9467,3.76,3.1556,3.9467,3.7625,tier_2,5,5,50,5,50
claude_opus,gain_watch_trust,20260593,7,5,47,1,4.5222,2.3667,4.181,3.6479,3.68,3.7222,3.0479,3.3294,tier_2,5,5,17,5,22
claude_opus,gain_watch_trust,20260690,9,1,9,0,3.6889,3.8,4.6571,4.25,4.1,3.6889,4.25,4.099,tier_2,6,6,11,6,50
claude_opus,gain_watch_trust,20260690,9,2,19,0,4.3111,2.45,4.5905,3.1467,3.62,4.3111,3.1467,3.6246,tier_2,6,6,10,6,50
claude_opus,gain_watch_trust,20260690,9,3,29,0,3.9556,4.0667,4.5905,4.0356,4.16,3.9556,4.0356,4.1621,tier_2,6,6,10,6,50
claude_opus,gain_watch_trust,20260690,9,4,39,0,4.0,3.7455,4.6476,4.203,4.15,4.0,4.203,4.149,tier_2,6,6,10,6,50
claude_opus,gain_watch_trust,20260690,9,5,49,0,3.6444,3.7143,4.7238,4.2576,4.09,3.6444,4.2576,4.085,tier_2,6,6,10,6,50
claude_opus,identify_marked_contact,20260302,2,1,2,1,5.0,3.9,4.581,4.8959,4.59,4.6,4.2959,4.3442,tier_2,5,5,,5,43
claude_opus,identify_marked_contact,20260302,2,2,12,0,2.0,3.1,4.581,3.9633,3.41,2.0,3.9633,3.4111,tier_2,5,5,,5,50
claude_opus,identify_marked_contact,20260302,2,3,22,0,2.0,3.1,4.437,3.9617,3.37,2.0,3.9617,3.3747,tier_2,5,5,,5,50
claude_opus,identify_marked_contact,20260302,2,4,32,1,5.0,3.4,4.3714,4.5722,4.34,4.6,3.9722,4.0859,tier_2,5,5,,5,27
claude_opus,identify_marked_contact,20260302,2,5,42,0,2.0,2.95,4.581,3.9633,3.37,2.0,3.9633,3.3736,tier_2,5,5,,5,50
claude_opus,identify_marked_contact,20260399,4,1,4,0,2.0,3.7,4.7238,3.9633,3.6,2.0,3.9633,3.5968,tier_2,6,6,,6,50
claude_opus,identify_marked_contact,20260399,4,2,14,0,4.0,3.2538,4.7238,4.2974,4.07,4.0,4.2974,4.0688,tier_2,5,5,,5,50
claude_opus,identify_marked_contact,20260399,4,3,24,1,5.0,4.1286,4.2381,4.7322,4.52,4.6,4.1322,4.2747,tier_2,5,5,,5,29
claude_opus,identify_marked_contact,20260399,4,4,34,0,2.0,3.08,4.5143,3.39,3.25,2.0,3.39,3.2461,tier_2,5,5,,5,50
claude_opus,identify_marked_contact,20260399,4,5,44,0,2.0,3.5,4.5048,3.9789,3.5,2.0,3.9789,3.4959,tier_2,5,5,,5,50
claude_opus,identify_marked_contact,20260496,6,1,6,1,5.0,3.5545,4.2267,4.7154,4.37,4.6,4.1154,4.1241,tier_2,5,5,,5,35
claude_opus,identify_marked_contact,20260496,6,2,16,0,3.925,3.3333,4.5905,4.3522,4.05,3.925,4.3522,4.0503,tier_2,6,6,,6,50
claude_opus,identify_marked_contact,20260496,6,3,26,1,5.0,3.5,4.381,4.7044,4.4,4.6,4.1044,4.1463,tier_2,5,5,,5,29
claude_opus,identify_marked_contact,20260496,6,4,36,1,5.0,3.4,4.3143,4.4333,4.29,4.6,3.8333,4.0369,tier_2,6,6,,6,18
claude_opus,identify_marked_contact,20260496,6,5,46,1,5.0,3.2538,4.381,4.7197,4.34,4.6,4.1197,4.0886,tier_2,5,5,,5,36
claude_opus,identify_marked_contact,20260593,8,1,8,1,5.0,3.4,4.5143,4.5866,4.38,4.6,3.9866,4.1252,tier_2,6,6,,6,31
claude_opus,identify_marked_contact,20260593,8,2,18,1,5.0,3.4,4.3143,4.4333,4.29,4.6,3.8333,4.0369,tier_2,6,6,,6,18
claude_opus,identify_marked_contact,20260593,8,3,28,1,5.0,3.4,4.0714,4.4333,4.23,4.6,3.8333,3.9762,tier_2,5,5,,5,18
claude_opus,identify_marked_contact,20260593,8,4,38,0,4.42,3.5,4.6476,4.34,4.23,4.42,4.34,4.2269,tier_2,5,5,,5,50
claude_opus,identify_marked_contact,20260593,8,5,48,1,5.0,3.3,4.3663,4.7076,4.34,4.6,4.1076,4.0935,tier_2,6,6,,6,32
claude_opus,identify_marked_contact,20260690,10,1,10,0,2.0,2.98,4.5143,2.93,3.11,2.0,2.93,3.1061,tier_2,7,7,,7,50
claude_opus,identify_marked_contact,20260690,10,2,20,0,3.2286,3.1273,4.7333,3.5155,3.65,3.2286,3.5155,3.6512,tier_2,7,7,,7,50
claude_opus,identify_marked_contact,20260690,10,3,30,1,5.0,3.16,4.5143,4.5396,4.3,4.6,3.9396,4.0535,tier_2,7,7,,7,32
claude_opus,identify_marked_contact,20260690,10,4,40,1,5.0,3.2538,4.7238,4.9566,4.48,4.6,4.3566,4.2336,tier_2,7,7,,7,49
claude_opus,identify_marked_contact,20260690,10,5,50,1,5.0,3.4,4.3714,4.6449,4.35,4.6,4.0449,4.1041,tier_2,7,7,,7,26
claude_sonnet,gain_watch_trust,20260302,1,1,1,0,3.6444,3.2538,4.8,3.9223,3.91,3.6444,3.9223,3.9051,tier_2,6,6,42,6,50
claude_sonnet,gain_watch_trust,20260302,1,2,11,0,2.9778,3.8462,4.9333,4.1767,3.98,2.9778,4.1767,3.9835,tier_2,7,7,,9,50
claude_sonnet,gain_watch_trust,20260302,1,3,21,0,2.8444,3.3545,4.8,3.64,3.66,2.8444,3.64,3.6597,tier_2,6,6,,6,50
claude_sonnet,gain_watch_trust,20260302,1,4,31,0,4.4,2.7286,4.1691,2.96,3.56,4.4,2.96,3.5644,tier_2,6,6,11,6,50
claude_sonnet,gain_watch_trust,20260302,1,5,41,0,3.6444,3.8,4.7238,4.3021,4.12,3.6444,4.3021,4.1176,tier_2,7,7,10,9,50
claude_sonnet,gain_watch_trust,20260399,3,1,3,0,3.4222,2.6,4.656,3.09,3.44,3.4222,3.09,3.4421,tier_2,6,6,28,6,50
claude_sonnet,gain_watch_trust,20260399,3,2,13,0,3.8222,2.5526,4.312,2.94,3.41,3.8222,2.94,3.4067,tier_2,7,7,10,9,50
claude_sonnet,gain_watch_trust,20260399,3,3,23,0,3.3333,3.76,4.5905,3.9567,3.91,3.3333,3.9567,3.9101,tier_2,6,6,11,6,50
claude_sonnet,gain_watch_trust,20260399,3,4,33,0,3.6444,3.38,4.6667,3.7367,3.86,3.6444,3.7367,3.8569,tier_2,6,6,36,6,50
claude_sonnet,gain_watch_trust,20260399,3,5,43,0,3.7333,3.38,4.6667,3.8167,3.9,3.7333,3.8167,3.8992,tier_2,7,7,13,9,50
claude_sonnet,gain_watch_trust,20260496,5,1,5,0,2.9778,3.5545,4.8667,3.7433,3.79,2.9778,3.7433,3.7856,tier_2,7,7,16,9,50
claude_sonnet,gain_watch_trust,20260496,5,2,15,0,2.9778,3.2538,4.8667,3.7633,3.72,2.9778,3.7633,3.7154,tier_2,6,6,50,6,50
claude_sonnet,gain_watch_trust,20260496,5,3,25,0,2.7111,3.84,4.9333,4.0367,3.88,2.7111,4.0367,3.8803,tier_2,6,6,,6,50
claude_sonnet,gain_watch_trust,20260496,5,4,35,0,3.7333,3.5,4.8,3.8333,3.97,3.7333,3.8333,3.9667,tier_2,6,6,41,6,50
claude_sonnet,gain_watch_trust,20260496,5,5,45,0,2.7556,3.3545,4.8,3.6,3.63,2.7556,3.6,3.6275,tier_2,6,6,,6,50
claude_sonnet,gain_watch_trust,20260593,7,1,7,0,4.1778,2.9,4.5238,3.2958,3.72,4.1778,3.2958,3.7244,tier_2,6,6,19,6,50
claude_sonnet,gain_watch_trust,20260593,7,2,17,0,3.5556,3.38,4.8667,3.9467,3.94,3.5556,3.9467,3.9372,tier_2,7,7,10,9,50
claude_sonnet,gain_watch_trust,20260593,7,3,27,0,4.2667,3.2692,4.8,3.8669,4.05,4.2667,3.8669,4.0507,tier_2,7,7,10,9,50
claude_sonnet,gain_watch_trust,20260593,7,4,37,0,3.6889,2.825,4.6571,3.4712,3.66,3.6889,3.4712,3.6606,tier_2,6,6,11,6,50
claude_sonnet,gain_watch_trust,20260593,7,5,47,0,3.4222,3.38,4.8,3.8233,3.86,3.4222,3.8233,3.8564,tier_2,6,6,14,6,50
claude_sonnet,gain_watch_trust,20260690,9,1,9,0,3.9556,3.35,4.8,3.895,4.0,3.9556,3.895,4.0001,tier_2,8,8,13,10,50
claude_sonnet,gain_watch_trust,20260690,9,2,19,0,3.5111,3.4143,4.8,3.9243,3.91,3.5111,3.9243,3.9124,tier_2,8,8,15,8,50
claude_sonnet,gain_watch_trust,20260690,9,3,29,0,1.1778,3.42,4.7238,3.4833,3.2,1.1778,3.4833,3.2012,tier_2,6,,,6,50
claude_sonnet,gain_watch_trust,20260690,9,4,39,0,3.6444,3.65,4.7333,4.0217,4.01,3.6444,4.0217,4.0124,tier_2,8,8,13,11,50
claude_sonnet,gain_watch_trust,20260690,9,5,49,0,3.7333,3.35,4.8,3.9775,3.97,3.7333,3.9775,3.9652,tier_2,8,8,13,10,50
claude_sonnet,identify_marked_contact,20260302,2,1,2,1,5.0,3.4,4.6476,4.9718,4.5,4.6,4.3718,4.2549,tier_2,6,6,,6,39
claude_sonnet,identify_marked_contact,20260302,2,2,12,0,2.0,3.6538,4.7905,3.989,3.61,2.0,3.989,3.6083,tier_2,6,6,,6,50
claude_sonnet,identify_marked_contact,20260302,2,3,22,0,2.0,3.7545,4.7905,4.0039,3.64,2.0,4.0039,3.6372,tier_2,6,6,,6,50
claude_sonnet,identify_marked_contact,20260302,2,4,32,1,5.0,4.1286,4.3143,4.5964,4.51,4.6,3.9964,4.2598,tier_2,6,6,,6,23
claude_sonnet,identify_marked_contact,20260302,2,5,42,0,2.0,2.7,4.8667,3.5658,3.28,2.0,3.5658,3.2831,tier_2,6,6,,6,50
claude_sonnet,identify_marked_contact,20260399,4,1,4,1,5.0,3.4,3.981,4.1333,4.13,4.6,3.5333,3.8786,tier_2,6,6,,6,15
claude_sonnet,identify_marked_contact,20260399,4,2,14,0,2.0,3.4455,4.9333,3.953,3.58,2.0,3.953,3.583,tier_2,6,6,,6,50
claude_sonnet,identify_marked_contact,20260399,4,3,24,0,4.0273,3.9333,4.6667,4.2611,4.22,4.0273,4.2611,4.2221,tier_2,6,6,,6,50
claude_sonnet,identify_marked_contact,20260399,4,4,34,1,5.0,3.8,4.5905,4.8652,4.56,5.0,4.2652,4.4139,tier_2,6,6,,6,33
claude_sonnet,identify_marked_contact,20260399,4,5,44,1,5.0,3.8,3.981,4.1238,4.23,4.6,3.5238,3.9762,tier_2,6,6,,6,14
claude_sonnet,identify_marked_contact,20260496,6,1,6,1,5.0,4.0857,4.5181,4.9452,4.64,4.6,4.3452,4.3873,tier_2,6,6,,6,42
claude_sonnet,identify_marked_contact,20260496,6,2,16,1,5.0,3.8,3.981,4.1238,4.23,4.6,3.5238,3.9762,tier_2,6,6,,6,14
claude_sonnet,identify_marked_contact,20260496,6,3,26,0,2.8,3.58,4.7333,4.08,3.8,2.8,4.08,3.7983,tier_2,6,6,,6,50
claude_sonnet,identify_marked_contact,20260496,6,4,36,1,5.0,4.1,4.3143,4.5924,4.5,4.6,3.9924,4.2517,tier_2,6,6,,6,22
claude_sonnet,identify_marked_contact,20260496,6,5,46,0,2.8,3.38,4.7333,4.1,3.75,2.8,4.1,3.7533,tier_2,6,6,,6,50
claude_sonnet,identify_marked_contact,20260593,8,1,8,1,5.0,3.8,4.5905,4.8738,4.57,5.0,4.2738,4.4161,tier_2,6,6,,6,35
claude_sonnet,identify_marked_contact,20260593,8,2,18,1,5.0,3.7,4.7238,4.9452,4.59,5.0,4.3452,4.4423,tier_2,6,6,,6,42
claude_sonnet,identify_marked_contact,20260593,8,3,28,1,5.0,4.3,4.7238,4.9452,4.74,5.0,4.3452,4.5923,tier_2,6,6,,6,42
claude_sonnet,identify_marked_contact,20260593,8,4,38,0,2.0,3.6364,4.7238,3.5906,3.49,2.0,3.5906,3.4877,tier_2,6,6,,6,50
claude_sonnet,identify_marked_contact,20260593,8,5,48,0,2.8,3.4,4.7238,3.8242,3.69,2.8,3.8242,3.687,tier_2,6,6,,6,50
claude_sonnet,identify_marked_contact,20260690,10,1,10,0,2.0,2.6,4.8667,3.5683,3.26,2.0,3.5683,3.2588,tier_2,8,8,,8,50
claude_sonnet,identify_marked_contact,20260690,10,2,20,0,2.0,2.7333,4.6571,3.3822,3.19,2.0,3.3822,3.1932,tier_2,8,8,,8,50
claude_sonnet,identify_marked_contact,20260690,10,3,30,1,5.0,3.0,4.7238,4.5038,4.31,4.6,3.9038,4.0569,tier_2,8,8,,8,39
claude_sonnet,identify_marked_contact,20260690,10,4,40,0,2.0,2.6429,4.5238,2.6633,2.96,2.0,2.6633,2.9575,tier_2,8,8,,8,50
claude_sonnet,identify_marked_contact,20260690,10,5,50,0,2.8,3.2364,4.7333,3.6264,3.6,2.8,3.6264,3.599,tier_2,8,8,,8,50
deepseek_r1,gain_watch_trust,20260302,1,1,1,0,1.1778,3.0,4.6571,2.9633,2.95,1.1778,2.9633,2.9496,tier_2,14,,,14,50
deepseek_r1,gain_watch_trust,20260302,1,2,11,0,3.0222,3.7,4.6571,3.5367,3.73,3.0222,3.5367,3.729,tier_2,5,10,,5,50
deepseek_r1,gain_watch_trust,20260302,1,3,21,0,4.1778,2.7,4.5238,3.0433,3.61,4.1778,3.0433,3.6112,tier_2,7,7,11,7,50
deepseek_r1,gain_watch_trust,20260302,1,4,31,0,3.5111,3.7,4.6571,3.815,3.92,3.5111,3.815,3.9208,tier_2,10,10,19,11,50
deepseek_r1,gain_watch_trust,20260302,1,5,41,0,1.1778,2.8,4.6571,3.1233,2.94,1.1778,3.1233,2.9396,tier_2,22,,,22,50
deepseek_r1,gain_watch_trust,20260399,3,1,3,0,3.4222,3.0364,4.4476,3.453,3.59,3.4222,3.453,3.5898,tier_2,7,18,28,7,50
deepseek_r1,gain_watch_trust,20260399,3,2,13,0,1.0444,3.4,4.5905,2.7833,2.95,1.0444,2.7833,2.9546,tier_2,7,,,7,50
deepseek_r1,gain_watch_trust,20260399,3,3,23,0,2.9778,3.6,4.7238,3.8633,3.79,2.9778,3.8633,3.7912,tier_2,5,42,50,5,50
deepseek_r1,gain_watch_trust,20260399,3,4,33,0,3.4667,3.7,4.9333,3.9417,4.01,3.4667,3.9417,4.0104,tier_2,7,7,10,7,50
deepseek_r1,gain_watch_trust,20260399,3,5,43,0,3.6,3.16,4.4476,3.3067,3.63,3.6,3.3067,3.6286,tier_2,10,10,16,12,50
deepseek_r1,gain_watch_trust,20260496,5,1,5,0,3.6889,3.0769,4.381,3.3318,3.62,3.6889,3.3318,3.6196,tier_2,4,16,24,4,50
deepseek_r1,gain_watch_trust,20260496,5,2,15,0,3.5111,3.5,4.6667,3.6267,3.83,3.5111,3.6267,3.8261,tier_2,8,8,20,8,50
deepseek_r1,gain_watch_trust,20260496,5,3,25,0,1.0444,3.2857,4.6571,3.1143,3.03,1.0444,3.1143,3.0254,tier_2,12,,,12,50
deepseek_r1,gain_watch_trust,20260496,5,4,35,0,3.6,2.7667,4.5905,3.0467,3.5,3.6,3.0467,3.501,tier_2,10,10,18,10,50
deepseek_r1,gain_watch_trust,20260496,5,5,45,0,4.1333,3.1,4.6571,3.5417,3.86,4.1333,3.5417,3.858,tier_2,6,6,13,10,50
deepseek_r1,gain_watch_trust,20260593,7,1,7,0,3.1556,3.86,4.7905,3.8526,3.91,3.1556,3.8526,3.9147,tier_2,8,8,49,12,50
deepseek_r1,gain_watch_trust,20260593,7,2,17,1,4.7444,3.1143,4.3143,4.106,4.07,3.9444,3.506,3.7198,tier_2,4,9,16,4,26
deepseek_r1,gain_watch_trust,20260593,7,3,27,0,2.9778,3.5667,4.5131,3.5922,3.66,2.9778,3.5922,3.6625,tier_2,8,8,,8,50
deepseek_r1,gain_watch_trust,20260593,7,4,37,0,3.9556,3.1,4.5905,3.3983,3.76,3.9556,3.3983,3.7611,tier_2,7,7,15,7,50
deepseek_r1,gain_watch_trust,20260593,7,5,47,0,3.7333,3.1273,4.6571,3.4255,3.74,3.7333,3.4255,3.7358,tier_2,8,8,15,10,50
deepseek_r1,gain_watch_trust,20260690,9,1,9,0,3.7333,3.2,4.8,3.485,3.8,3.7333,3.485,3.8046,tier_2,6,15,19,6,50
deepseek_r1,gain_watch_trust,20260690,9,2,19,0,3.6889,3.1692,4.7333,3.629,3.81,3.6889,3.629,3.8051,tier_2,11,11,16,11,50
deepseek_r1,gain_watch_trust,20260690,9,3,29,0,3.5556,3.9545,4.656,3.86,4.01,3.5556,3.86,4.0065,tier_2,12,12,24,12,50
deepseek_r1,gain_watch_trust,20260690,9,4,39,0,3.9556,3.1143,4.7238,3.5948,3.85,3.9556,3.5948,3.8471,tier_2,6,29,32,6,50
deepseek_r1,gain_watch_trust,20260690,9,5,49,0,4.0889,3.2,4.5905,3.5033,3.85,4.0889,3.5033,3.8457,tier_2,8,8,14,8,50
deepseek_r1,identify_marked_contact,20260302,2,1,2,0,2.0,2.92,4.8,3.54,3.31,2.0,3.54,3.315,tier_2,8,,,8,50
deepseek_r1,identify_marked_contact,20260302,2,2,12,1,5.0,3.2,4.3905,4.2061,4.2,4.6,3.6061,3.9491,tier_2,6,,,6,33
deepseek_r1,identify_marked_contact,20260302,2,3,22,1,5.0,3.86,4.7238,4.8362,4.61,4.6,4.2362,4.355,tier_2,7,42,,22,46
deepseek_r1,identify_marked_contact,20260302,2,4,32,1,5.0,3.9,4.6449,5.0,4.64,5.0,4.5603,4.5263,tier_2,11,,,11,47
deepseek_r1,identify_marked_contact,20260302,2,5,42,0,2.8,4.06,4.7333,4.06,3.91,2.8,4.06,3.9133,tier_2,20,20,,20,50
deepseek_r1,identify_marked_contact,20260399,4,1,4,0,4.1,3.4,4.7238,3.7367,3.99,4.1,3.7367,3.9901,tier_2,17,,,17,50
deepseek_r1,identify_marked_contact,20260399,4,2,14,1,5.0,3.7,4.8667,5.0,4.64,5.0,4.5262,4.5232,tier_2,8,20,,8,35
deepseek_r1,identify_marked_contact,20260399,4,3,24,0,2.1636,3.9,4.7333,3.7333,3.63,2.1636,3.7333,3.6326,tier_2,6,39,,6,50
deepseek_r1,identify_marked_contact,20260399,4,4,34,1,5.0,3.6,4.5905,4.6867,4.47,5.0,4.0867,4.3193,tier_2,6,,,6,25
deepseek_r1,identify_marked_contact,20260399,4,5,44,0,3.5875,3.0333,4.5905,4.0311,3.81,3.5875,4.0311,3.8106,tier_2,21,47,,21,50
deepseek_r1,identify_marked_contact,20260496,6,1,6,0,2.8,3.0,4.6667,3.7517,3.55,2.8,3.7517,3.5546,tier_2,7,,,7,50
deepseek_r1,identify_marked_contact,20260496,6,2,16,0,4.4,2.7333,4.8,3.9,3.96,4.4,3.9,3.9583,tier_2,6,,,6,50
deepseek_r1,identify_marked_contact,20260496,6,3,26,0,2.0,3.5,4.7905,3.9033,3.55,2.0,3.9033,3.5485,tier_2,16,37,,16,50
deepseek_r1,identify_marked_contact,20260496,6,4,36,1,5.0,3.7,4.5905,4.7818,4.52,4.6,4.1818,4.2681,tier_2,27,44,,27,44
deepseek_r1,identify_marked_contact,20260496,6,5,46,0,3.7391,2.8,4.6667,3.71,3.73,3.7391,3.71,3.7289,tier_2,15,,,15,50
deepseek_r1,identify_marked_contact,20260593,8,1,8,0,4.0182,3.46,4.6571,4.33,4.12,4.0182,4.33,4.1163,tier_2,6,21,28,6,50
deepseek_r1,identify_marked_contact,20260593,8,2,18,1,5.0,3.1,4.3905,4.1298,4.16,4.6,3.5298,3.9051,tier_2,11,,,11,21
deepseek_r1,identify_marked_contact,20260593,8,3,28,1,5.0,3.4,4.6667,4.6064,4.42,5.0,4.0064,4.2683,tier_2,14,,,14,26
deepseek_r1,identify_marked_contact,20260593,8,4,38,1,5.0,3.4,4.5333,4.1897,4.28,4.6,3.5897,4.0308,tier_2,6,,,6,26
deepseek_r1,identify_marked_contact,20260593,8,5,48,0,4.15,3.5615,4.6667,4.0105,4.1,4.15,4.0105,4.0972,tier_2,6,44,,6,50
deepseek_r1,identify_marked_contact,20260690,10,1,10,1,5.0,3.7,4.8,4.9696,4.62,5.0,4.3696,4.4674,tier_2,5,46,,5,46
deepseek_r1,identify_marked_contact,20260690,10,2,20,0,2.0,3.4,4.6667,3.4233,3.37,2.0,3.4233,3.3725,tier_2,7,,,7,50
deepseek_r1,identify_marked_contact,20260690,10,3,30,0,3.4923,3.45,4.5905,4.17,3.93,3.4923,4.17,3.9257,tier_2,14,30,,14,50
deepseek_r1,identify_marked_contact,20260690,10,4,40,0,2.0,3.4,4.6667,3.3689,3.36,2.0,3.3689,3.3589,tier_2,16,16,,16,50
deepseek_r1,identify_marked_contact,20260690,10,5,50,0,4.57,3.4,4.7238,4.045,4.18,4.57,4.045,4.1847,tier_2,7,,,7,50
deepseek_v3_2,gain_watch_trust,20260302,1,1,1,0,3.8222,3.0526,4.2476,3.1193,3.56,3.8222,3.1193,3.5604,tier_1,5,12,19,5,50
deepseek_v3_2,gain_watch_trust,20260302,1,2,11,0,4.0,2.8143,4.3905,2.9367,3.54,4.0,2.9367,3.5354,tier_1,6,6,17,6,50
deepseek_v3_2,gain_watch_trust,20260302,1,3,21,0,4.4,2.6143,4.3905,2.9167,3.58,4.4,2.9167,3.5804,tier_1,6,6,16,6,50
deepseek_v3_2,gain_watch_trust,20260302,1,4,31,0,4.4,2.596,4.2476,2.9367,3.55,4.4,2.9367,3.5451,tier_1,5,5,11,7,50
deepseek_v3_2,gain_watch_trust,20260302,1,5,41,0,4.1778,2.6263,4.2476,2.8967,3.49,4.1778,2.8967,3.4871,tier_1,7,7,20,7,50
deepseek_v3_2,gain_watch_trust,20260399,3,1,3,0,4.0,2.9895,4.3905,3.173,3.64,4.0,3.173,3.6382,tier_1,5,15,22,5,50
deepseek_v3_2,gain_watch_trust,20260399,3,2,13,0,4.1778,2.9714,4.3238,3.0671,3.64,4.1778,3.0671,3.635,tier_1,6,11,17,6,50
deepseek_v3_2,gain_watch_trust,20260399,3,3,23,0,4.4,2.95,4.3905,3.1875,3.73,4.4,3.1875,3.732,tier_1,5,11,16,5,50
deepseek_v3_2,gain_watch_trust,20260399,3,4,33,0,4.4,2.5828,4.181,2.8933,3.51,4.4,2.8933,3.5143,tier_1,6,6,13,6,50
deepseek_v3_2,gain_watch_trust,20260399,3,5,43,1,4.3889,3.1273,4.0923,3.8945,3.88,3.5889,3.2945,3.5257,tier_1,5,10,22,5,34
deepseek_v3_2,gain_watch_trust,20260496,5,1,5,0,2.9333,3.72,4.5798,4.0933,3.83,2.9333,4.0933,3.8316,tier_1,7,7,,7,50
deepseek_v3_2,gain_watch_trust,20260496,5,2,15,0,2.7556,3.9385,4.5905,3.7067,3.75,2.7556,3.7067,3.7478,tier_1,4,46,,4,50
deepseek_v3_2,gain_watch_trust,20260496,5,3,25,0,4.4,2.5889,4.1036,2.9767,3.52,4.4,2.9767,3.5173,tier_1,7,7,16,8,50
deepseek_v3_2,gain_watch_trust,20260496,5,4,35,0,4.4,2.8,4.1036,3.2283,3.63,4.4,3.2283,3.633,tier_1,5,10,17,5,50
deepseek_v3_2,gain_watch_trust,20260496,5,5,45,0,4.4,2.95,4.3143,3.3108,3.74,4.4,3.3108,3.7438,tier_1,5,10,20,5,50
deepseek_v3_2,gain_watch_trust,20260593,7,1,7,0,4.3556,2.62,4.2465,2.9367,3.54,4.3556,2.9367,3.5397,tier_1,7,7,15,7,50
deepseek_v3_2,gain_watch_trust,20260593,7,2,17,0,4.4,2.6043,4.3905,2.9567,3.59,4.4,2.9567,3.5879,tier_1,5,5,14,5,50
deepseek_v3_2,gain_watch_trust,20260593,7,3,27,0,3.7778,2.25,4.2476,2.8967,3.29,3.7778,2.8967,3.293,tier_1,6,6,17,6,50
deepseek_v3_2,gain_watch_trust,20260593,7,4,37,0,4.3111,2.8286,4.2465,3.1943,3.65,4.3111,3.1943,3.6451,tier_1,4,14,31,4,50
deepseek_v3_2,gain_watch_trust,20260593,7,5,47,0,4.3556,2.7636,4.181,3.0661,3.59,4.3556,3.0661,3.5916,tier_1,5,11,17,5,50
deepseek_v3_2,gain_watch_trust,20260690,9,1,9,0,4.4,2.6043,4.1798,2.8533,3.51,4.4,2.8533,3.5094,tier_1,6,6,13,10,50
deepseek_v3_2,gain_watch_trust,20260690,9,2,19,1,4.3889,2.6,4.181,3.5917,3.69,3.5889,2.9917,3.3404,tier_1,6,6,18,6,24
deepseek_v3_2,gain_watch_trust,20260690,9,3,29,0,4.4,2.6043,4.181,2.8333,3.5,4.4,2.8333,3.5047,tier_1,7,7,17,7,50
deepseek_v3_2,gain_watch_trust,20260690,9,4,39,0,4.4,2.944,4.1036,3.1867,3.66,4.4,3.1867,3.6586,tier_1,5,14,24,5,50
deepseek_v3_2,gain_watch_trust,20260690,9,5,49,0,4.1333,2.6091,4.3905,2.9167,3.51,4.1333,2.9167,3.5124,tier_1,9,9,26,11,50
deepseek_v3_2,identify_marked_contact,20260302,2,1,2,0,2.0,2.6,4.3798,3.3767,3.09,2.0,3.3767,3.0891,tier_1,7,24,,7,50
deepseek_v3_2,identify_marked_contact,20260302,2,2,12,0,2.0,2.7333,4.4476,3.4989,3.17,2.0,3.4989,3.17,tier_1,8,8,,8,50
deepseek_v3_2,identify_marked_contact,20260302,2,3,22,1,5.0,3.4,4.3048,4.6,4.33,4.6,4.0,4.0762,tier_1,5,,,5,26
deepseek_v3_2,identify_marked_contact,20260302,2,4,32,1,5.0,3.4,4.5143,4.7905,4.43,4.6,4.1905,4.1762,tier_1,5,19,,5,49
deepseek_v3_2,identify_marked_contact,20260302,2,5,42,0,2.0,2.8857,4.5143,3.5714,3.24,2.0,3.5714,3.2429,tier_1,7,7,,7,50
deepseek_v3_2,identify_marked_contact,20260399,4,1,4,1,5.0,3.4,3.981,4.1952,4.14,4.6,3.5952,3.894,tier_1,6,13,,6,14
deepseek_v3_2,identify_marked_contact,20260399,4,2,14,1,5.0,3.16,4.3048,4.55,4.25,4.6,3.95,4.0037,tier_1,5,,,5,29
deepseek_v3_2,identify_marked_contact,20260399,4,3,24,0,2.0,2.8,4.381,3.4417,3.16,2.0,3.4417,3.1557,tier_1,6,22,,6,50
deepseek_v3_2,identify_marked_contact,20260399,4,4,34,0,2.0,2.8,4.381,3.4008,3.15,2.0,3.4008,3.1454,tier_1,5,17,,5,50
deepseek_v3_2,identify_marked_contact,20260399,4,5,44,0,2.0,2.0714,4.2465,2.8767,2.8,2.0,2.8767,2.7986,tier_1,7,7,,7,50
deepseek_v3_2,identify_marked_contact,20260496,6,1,6,0,2.0,3.4,4.3131,3.3367,3.26,2.0,3.3367,3.2625,tier_1,6,22,,6,50
deepseek_v3_2,identify_marked_contact,20260496,6,2,16,1,5.0,2.5,3.8381,3.6952,3.76,4.6,3.0952,3.5083,tier_1,5,,,5,14
deepseek_v3_2,identify_marked_contact,20260496,6,3,26,0,4.3,3.1545,4.4476,4.0673,3.99,4.3,4.0673,3.9924,tier_1,5,15,,5,50
deepseek_v3_2,identify_marked_contact,20260496,6,4,36,0,2.0,2.7429,4.3143,3.2329,3.07,2.0,3.2329,3.0725,tier_1,6,12,,6,50
deepseek_v3_2,identify_marked_contact,20260496,6,5,46,0,2.0,3.3692,4.381,3.4072,3.29,2.0,3.4072,3.2893,tier_1,5,21,,5,50
deepseek_v3_2,identify_marked_contact,20260593,8,1,8,0,2.0,2.6,4.4571,3.2367,3.07,2.0,3.2367,3.0735,tier_1,5,19,,5,50
deepseek_v3_2,identify_marked_contact,20260593,8,2,18,1,5.0,3.1,4.4476,4.475,4.26,4.6,3.875,4.0057,tier_1,6,,,6,29
deepseek_v3_2,identify_marked_contact,20260593,8,3,28,0,2.0,2.88,4.4476,3.4167,3.19,2.0,3.4167,3.1861,tier_1,6,22,,6,50
deepseek_v3_2,identify_marked_contact,20260593,8,4,38,1,5.0,2.5,3.7381,3.6897,3.73,4.6,3.0897,3.482,tier_1,4,,,4,13
deepseek_v3_2,identify_marked_contact,20260593,8,5,48,0,2.0,3.0364,4.4465,3.513,3.25,2.0,3.513,3.249,tier_1,8,8,,9,50
deepseek_v3_2,identify_marked_contact,20260690,10,1,10,1,5.0,3.16,4.4389,4.4711,4.27,4.6,3.8711,4.0175,tier_1,7,7,,7,38
deepseek_v3_2,identify_marked_contact,20260690,10,2,20,0,2.0,3.3692,4.381,3.4056,3.29,2.0,3.4056,3.289,tier_1,7,7,,7,50
deepseek_v3_2,identify_marked_contact,20260690,10,3,30,1,5.0,2.98,4.3048,4.7925,4.27,4.6,4.1925,4.0193,tier_1,6,18,,6,49
deepseek_v3_2,identify_marked_contact,20260690,10,4,40,0,2.0,3.58,4.381,3.7767,3.43,2.0,3.7767,3.4344,tier_1,8,8,,8,50
deepseek_v3_2,identify_marked_contact,20260690,10,5,50,1,5.0,3.2,4.4476,4.6,4.31,4.6,4.0,4.0619,tier_1,7,7,,7,31
gemini_3_1_pro,gain_watch_trust,20260302,1,1,1,0,4.0,2.54,4.581,3.1533,3.57,4.0,3.1533,3.5686,tier_2,10,10,16,10,50
gemini_3_1_pro,gain_watch_trust,20260302,1,2,11,0,4.3111,2.4263,4.4476,3.1267,3.58,4.3111,3.1267,3.5779,tier_2,4,4,12,4,50
gemini_3_1_pro,gain_watch_trust,20260302,1,3,21,0,3.8222,2.46,4.5143,3.15,3.49,3.8222,3.15,3.4866,tier_2,4,4,13,4,50
gemini_3_1_pro,gain_watch_trust,20260302,1,4,31,1,4.7333,2.7,4.181,3.7867,3.85,3.9333,3.1867,3.5002,tier_2,6,6,14,6,15
gemini_3_1_pro,gain_watch_trust,20260302,1,5,41,1,4.3889,2.7,4.181,3.5778,3.71,3.5889,2.9778,3.3619,tier_2,4,4,12,4,18
gemini_3_1_pro,gain_watch_trust,20260399,3,1,3,0,3.7778,2.6769,4.581,3.4818,3.63,3.7778,3.4818,3.6294,tier_2,4,4,11,4,50
gemini_3_1_pro,gain_watch_trust,20260399,3,2,13,1,4.6889,2.85,4.3143,4.1401,4.0,3.8889,3.5401,3.6483,tier_2,5,5,20,5,29
gemini_3_1_pro,gain_watch_trust,20260399,3,3,23,0,4.2667,2.5714,4.381,3.3371,3.64,4.2667,3.3371,3.639,tier_2,4,4,22,4,50
gemini_3_1_pro,gain_watch_trust,20260399,3,4,33,0,3.6889,2.2714,4.381,2.9433,3.32,3.6889,2.9433,3.3212,tier_2,4,4,16,4,50
gemini_3_1_pro,gain_watch_trust,20260399,3,5,43,0,4.3556,2.46,4.5143,3.21,3.63,4.3556,3.21,3.635,tier_2,11,11,21,11,50
gemini_3_1_pro,gain_watch_trust,20260496,5,1,5,1,4.6556,2.34,4.2476,3.6876,3.73,3.8556,3.0876,3.3827,tier_2,4,4,15,4,31
gemini_3_1_pro,gain_watch_trust,20260496,5,2,15,0,3.5556,2.8,4.581,3.5467,3.62,3.5556,3.5467,3.6208,tier_2,4,11,19,4,50
gemini_3_1_pro,gain_watch_trust,20260496,5,3,25,0,4.4,2.45,4.4476,3.0867,3.6,4.4,3.0867,3.5961,tier_2,10,10,13,10,50
gemini_3_1_pro,gain_watch_trust,20260496,5,4,35,0,4.0889,3.0364,4.5143,3.4509,3.77,4.0889,3.4509,3.7726,tier_2,4,11,15,4,50
gemini_3_1_pro,gain_watch_trust,20260496,5,5,45,1,4.5667,2.5667,3.9714,3.63,3.68,3.7667,3.03,3.3337,tier_2,4,4,11,4,15
gemini_3_1_pro,gain_watch_trust,20260593,7,1,7,0,3.9111,2.8769,4.581,3.5418,3.73,3.9111,3.5418,3.7277,tier_2,5,5,12,5,50
gemini_3_1_pro,gain_watch_trust,20260593,7,2,17,0,4.2222,2.8769,4.4476,3.2951,3.71,4.2222,3.2951,3.7105,tier_2,5,5,10,5,50
gemini_3_1_pro,gain_watch_trust,20260593,7,3,27,0,4.2222,2.3,4.6476,3.3367,3.63,4.2222,3.3367,3.6266,tier_2,5,5,10,5,50
gemini_3_1_pro,gain_watch_trust,20260593,7,4,37,0,3.9556,2.6,4.6476,3.2567,3.61,3.9556,3.2567,3.615,tier_2,23,23,29,23,50
gemini_3_1_pro,gain_watch_trust,20260593,7,5,47,0,3.6,2.6769,4.581,3.4818,3.58,3.6,3.4818,3.5849,tier_2,4,4,15,4,50
gemini_3_1_pro,gain_watch_trust,20260690,9,1,9,0,4.3556,2.06,4.5143,3.17,3.52,4.3556,3.17,3.525,tier_2,13,13,20,13,50
gemini_3_1_pro,gain_watch_trust,20260690,9,2,19,0,4.4,2.4043,4.3143,2.998,3.53,4.4,2.998,3.5291,tier_2,6,6,13,6,50
gemini_3_1_pro,gain_watch_trust,20260690,9,3,29,0,3.7333,2.0333,4.381,2.9633,3.28,3.7333,2.9633,3.2777,tier_2,7,7,13,7,50
gemini_3_1_pro,gain_watch_trust,20260690,9,4,39,0,3.8667,2.5182,4.5143,3.13,3.51,3.8667,3.13,3.5073,tier_2,6,6,13,6,50
gemini_3_1_pro,gain_watch_trust,20260690,9,5,49,0,4.0444,2.6769,4.4476,3.3351,3.63,4.0444,3.3351,3.626,tier_2,7,7,12,7,50
gemini_3_1_pro,identify_marked_contact,20260302,2,1,2,1,5.0,3.7,4.4381,4.8222,4.49,4.6,4.2222,4.2401,tier_2,5,20,,6,36
gemini_3_1_pro,identify_marked_contact,20260302,2,2,12,1,5.0,3.4,4.2381,4.4297,4.27,4.6,3.8297,4.017,tier_2,5,,,5,23
gemini_3_1_pro,identify_marked_contact,20260302,2,3,22,1,5.0,3.7,4.4381,4.9167,4.51,4.6,4.3167,4.2637,tier_2,5,30,,5,30
gemini_3_1_pro,identify_marked_contact,20260302,2,4,32,1,5.0,3.5571,4.5048,4.8351,4.47,4.6,4.2351,4.2243,tier_2,5,34,,5,48
gemini_3_1_pro,identify_marked_contact,20260302,2,5,42,1,5.0,3.7,4.4381,4.9561,4.52,4.6,4.3561,4.2735,tier_2,5,,,5,33
gemini_3_1_pro,identify_marked_contact,20260399,4,1,4,1,5.0,3.1,4.1714,4.1655,4.11,4.6,3.5655,3.8592,tier_2,5,21,,5,21
gemini_3_1_pro,identify_marked_contact,20260399,4,2,14,1,5.0,3.1,4.1048,4.1197,4.08,4.6,3.5197,3.8311,tier_2,5,,,5,19
gemini_3_1_pro,identify_marked_contact,20260399,4,3,24,0,2.0,3.3,4.5048,3.7833,3.4,2.0,3.7833,3.397,tier_2,5,43,,5,50
gemini_3_1_pro,identify_marked_contact,20260399,4,4,34,1,5.0,3.9,4.3714,4.8083,4.52,4.6,4.2083,4.2699,tier_2,5,,,5,32
gemini_3_1_pro,identify_marked_contact,20260399,4,5,44,1,5.0,3.7,4.3714,4.8708,4.49,4.6,4.2708,4.2356,tier_2,5,,,5,32
gemini_3_1_pro,identify_marked_contact,20260496,6,1,6,1,5.0,3.7,4.3714,4.8,4.47,4.6,4.2,4.2179,tier_2,5,,,5,30
gemini_3_1_pro,identify_marked_contact,20260496,6,2,16,1,5.0,4.0,4.2381,4.9397,4.54,4.6,4.3397,4.2945,tier_2,5,26,,5,26
gemini_3_1_pro,identify_marked_contact,20260496,6,3,26,0,2.0,2.8857,4.3714,3.3143,3.14,2.0,3.3143,3.1429,tier_2,5,20,,5,50
gemini_3_1_pro,identify_marked_contact,20260496,6,4,36,1,5.0,3.7,4.3714,4.7619,4.46,4.6,4.1619,4.2083,tier_2,5,,,5,35
gemini_3_1_pro,identify_marked_contact,20260496,6,5,46,1,5.0,3.46,4.3714,4.6508,4.37,4.6,4.0508,4.1206,tier_2,5,,,6,43
gemini_3_1_pro,identify_marked_contact,20260593,8,1,8,1,5.0,3.16,4.3048,4.425,4.22,4.6,3.825,3.9724,tier_2,5,,,5,24
gemini_3_1_pro,identify_marked_contact,20260593,8,2,18,0,4.3,3.3571,4.5048,4.24,4.1,4.3,4.24,4.1005,tier_2,5,33,,5,50
gemini_3_1_pro,identify_marked_contact,20260593,8,3,28,1,5.0,3.1667,4.4381,4.7389,4.34,4.6,4.1389,4.0859,tier_2,5,41,,5,48
gemini_3_1_pro,identify_marked_contact,20260593,8,4,38,1,5.0,2.5,4.1714,3.6741,3.84,4.6,3.0741,3.5864,tier_2,5,,,5,27
gemini_3_1_pro,identify_marked_contact,20260593,8,5,48,1,5.0,3.7,4.3714,4.6333,4.43,4.6,4.0333,4.1762,tier_2,5,,,5,40
gemini_3_1_pro,identify_marked_contact,20260690,10,1,10,1,5.0,3.0,4.3714,4.5833,4.24,4.6,3.9833,3.9887,tier_2,5,,,5,30
gemini_3_1_pro,identify_marked_contact,20260690,10,2,20,0,2.0,3.25,4.5048,3.9267,3.42,2.0,3.9267,3.4204,tier_2,6,6,,6,50
gemini_3_1_pro,identify_marked_contact,20260690,10,3,30,0,4.3,3.9,4.7905,4.26,4.31,4.3,4.26,4.3126,tier_2,6,43,,6,50
gemini_3_1_pro,identify_marked_contact,20260690,10,4,40,1,5.0,3.9,4.3714,4.6333,4.48,4.6,4.0333,4.2262,tier_2,5,,,5,40
gemini_3_1_pro,identify_marked_contact,20260690,10,5,50,0,3.7,3.25,4.5048,4.2175,3.92,3.7,4.2175,3.9181,tier_2,6,39,,6,50
gpt_5_2,gain_watch_trust,20260302,1,1,1,0,3.0222,3.2857,4.7905,3.4095,3.63,3.0222,3.4095,3.627,tier_2,6,6,,6,50
gpt_5_2,gain_watch_trust,20260302,1,2,11,0,3.4222,2.4429,4.5905,2.8667,3.33,3.4222,2.8667,3.3306,tier_2,5,5,22,5,50
gpt_5_2,gain_watch_trust,20260302,1,3,21,0,3.4667,2.9333,4.6571,3.4911,3.64,3.4667,3.4911,3.6371,tier_2,6,6,18,6,50
gpt_5_2,gain_watch_trust,20260302,1,4,31,0,4.0,2.7182,4.4571,2.84,3.5,4.0,2.84,3.5038,tier_2,5,5,19,5,50
gpt_5_2,gain_watch_trust,20260302,1,5,41,0,3.2,2.58,4.8,2.93,3.38,3.2,2.93,3.3775,tier_2,6,6,20,6,50
gpt_5_2,gain_watch_trust,20260399,3,1,3,0,3.2,3.5,4.6571,3.615,3.74,3.2,3.615,3.743,tier_2,7,7,19,7,50
gpt_5_2,gain_watch_trust,20260399,3,2,13,0,3.1111,3.7,4.6571,3.5567,3.76,3.1111,3.5567,3.7562,tier_2,5,5,11,5,50
gpt_5_2,gain_watch_trust,20260399,3,3,23,0,3.8667,2.9273,4.6571,3.4655,3.73,3.8667,3.4655,3.7291,tier_2,7,7,33,7,50
gpt_5_2,gain_watch_trust,20260399,3,4,33,1,4.4333,2.58,4.3238,3.5624,3.72,3.6333,2.9624,3.3749,tier_2,6,6,20,6,22
gpt_5_2,gain_watch_trust,20260399,3,5,43,0,3.4222,3.4455,4.5798,3.8697,3.83,3.4222,3.8697,3.8293,tier_2,6,6,43,6,50
gpt_5_2,gain_watch_trust,20260496,5,1,5,0,3.4667,2.3667,4.5905,3.0067,3.36,3.4667,3.0067,3.3576,tier_2,6,6,18,6,50
gpt_5_2,gain_watch_trust,20260496,5,2,15,0,3.5111,2.85,4.6571,3.4225,3.61,3.5111,3.4225,3.6102,tier_2,5,5,13,5,50
gpt_5_2,gain_watch_trust,20260496,5,3,25,0,3.6,2.5182,4.5905,3.0667,3.44,3.6,3.0667,3.4438,tier_2,6,6,18,6,50
gpt_5_2,gain_watch_trust,20260496,5,4,35,0,3.5444,2.8,4.5905,3.3922,3.58,3.5444,3.3922,3.5818,tier_2,9,9,43,9,50
gpt_5_2,gain_watch_trust,20260496,5,5,45,0,2.9333,3.9,4.7905,4.0767,3.93,2.9333,4.0767,3.9251,tier_2,6,6,,6,50
gpt_5_2,gain_watch_trust,20260593,7,1,7,0,3.4222,3.18,4.5905,3.6267,3.7,3.4222,3.6267,3.7048,tier_2,7,7,20,7,50
gpt_5_2,gain_watch_trust,20260593,7,2,17,0,2.7556,3.7,4.7238,3.6033,3.7,2.7556,3.6033,3.6957,tier_2,5,5,,5,50
gpt_5_2,gain_watch_trust,20260593,7,3,27,0,3.7333,2.6,4.6571,3.13,3.53,3.7333,3.13,3.5301,tier_2,6,6,17,6,50
gpt_5_2,gain_watch_trust,20260593,7,4,37,0,3.1111,3.0,4.6571,3.325,3.52,3.1111,3.325,3.5233,tier_2,6,6,25,6,50
gpt_5_2,gain_watch_trust,20260593,7,5,47,1,4.4778,3.1143,4.5111,4.1723,4.07,3.6778,3.5723,3.7189,tier_2,6,6,19,6,46
gpt_5_2,gain_watch_trust,20260690,9,1,9,1,4.3889,2.7,4.6667,3.7126,3.87,3.5889,3.1126,3.517,tier_2,6,6,20,6,41
gpt_5_2,gain_watch_trust,20260690,9,2,19,0,3.7333,3.6,4.7905,4.2367,4.09,3.7333,4.2367,4.0901,tier_2,6,6,36,6,50
gpt_5_2,gain_watch_trust,20260690,9,3,29,0,3.7333,2.4,4.8,3.13,3.52,3.7333,3.13,3.5158,tier_2,8,8,18,8,50
gpt_5_2,gain_watch_trust,20260690,9,4,39,0,3.4222,3.2,4.8,3.3633,3.7,3.4222,3.3633,3.6964,tier_2,7,7,31,9,50
gpt_5_2,gain_watch_trust,20260690,9,5,49,0,3.0667,3.0,4.8,3.1633,3.51,3.0667,3.1633,3.5075,tier_2,5,5,,5,50
gpt_5_2,identify_marked_contact,20260302,2,1,2,1,5.0,3.7,4.381,4.6455,4.43,4.6,4.0455,4.1816,tier_2,10,19,,10,33
gpt_5_2,identify_marked_contact,20260302,2,2,12,1,5.0,3.4,4.5143,4.5254,4.36,4.6,3.9254,4.1099,tier_2,7,,,7,38
gpt_5_2,identify_marked_contact,20260302,2,3,22,1,5.0,4.0,4.6571,5.0,4.66,4.6,4.4131,4.4176,tier_2,5,38,,5,47
gpt_5_2,identify_marked_contact,20260302,2,4,32,1,5.0,3.7,4.5905,4.85,4.54,5.0,4.25,4.3851,tier_2,5,,,5,36
gpt_5_2,identify_marked_contact,20260302,2,5,42,1,5.0,3.7,4.7238,4.9167,4.59,4.6,4.3167,4.3351,tier_2,7,,,7,40
gpt_5_2,identify_marked_contact,20260399,4,1,4,1,5.0,3.7,4.6571,4.9537,4.58,5.0,4.3537,4.4277,tier_2,5,24,,5,41
gpt_5_2,identify_marked_contact,20260399,4,2,14,1,5.0,2.5,4.1905,3.8262,3.88,5.0,3.2262,3.7292,tier_2,7,,,7,21
gpt_5_2,identify_marked_contact,20260399,4,3,24,1,5.0,4.2,4.7905,5.0,4.75,5.0,4.7252,4.6789,tier_2,6,25,,6,47
gpt_5_2,identify_marked_contact,20260399,4,4,34,1,5.0,3.4,4.6571,4.6395,4.42,5.0,4.0395,4.2742,tier_2,6,,,6,38
gpt_5_2,identify_marked_contact,20260399,4,5,44,1,5.0,3.1,4.0905,4.225,4.1,5.0,3.625,3.9539,tier_2,6,24,,6,24
gpt_5_2,identify_marked_contact,20260496,6,1,6,0,2.95,3.36,4.6571,3.795,3.69,2.95,3.795,3.6905,tier_2,5,,,5,50
gpt_5_2,identify_marked_contact,20260496,6,2,16,1,5.0,3.7,4.7238,4.9973,4.61,5.0,4.3973,4.4553,tier_2,6,25,,6,43
gpt_5_2,identify_marked_contact,20260496,6,3,26,0,2.8,3.16,4.6571,3.8133,3.61,2.8,3.8133,3.6076,tier_2,5,,,5,50
gpt_5_2,identify_marked_contact,20260496,6,4,36,1,5.0,3.4,4.7238,4.5417,4.42,4.6,3.9417,4.1664,tier_2,15,,,15,40
gpt_5_2,identify_marked_contact,20260496,6,5,46,0,2.8,3.46,4.7238,4.1667,3.79,2.8,4.1667,3.7876,tier_2,8,8,,8,50
gpt_5_2,identify_marked_contact,20260593,8,1,8,0,2.0,3.1,4.5131,3.325,3.23,2.0,3.325,3.2345,tier_2,7,45,,7,50
gpt_5_2,identify_marked_contact,20260593,8,2,18,0,2.0,3.1,4.5905,3.2217,3.23,2.0,3.2217,3.228,tier_2,4,44,,4,50
gpt_5_2,identify_marked_contact,20260593,8,3,28,1,5.0,3.7,4.6571,4.7863,4.54,4.6,4.1863,4.2859,tier_2,9,,,9,34
gpt_5_2,identify_marked_contact,20260593,8,4,38,0,2.0,3.5,4.6667,3.6456,3.45,2.0,3.6456,3.4531,tier_2,6,31,,6,50
gpt_5_2,identify_marked_contact,20260593,8,5,48,1,5.0,2.5,4.4571,3.7842,3.94,5.0,3.1842,3.7853,tier_2,6,,,6,38
gpt_5_2,identify_marked_contact,20260690,10,1,10,1,5.0,3.2,4.5238,4.3045,4.26,5.0,3.7045,4.1071,tier_2,6,43,,28,44
gpt_5_2,identify_marked_contact,20260690,10,2,20,0,3.2,3.7,4.7905,4.4667,4.04,3.2,4.4667,4.0393,tier_2,6,25,,6,50
gpt_5_2,identify_marked_contact,20260690,10,3,30,1,5.0,3.66,4.5143,4.7212,4.47,4.6,4.1212,4.2239,tier_2,8,37,,9,37
gpt_5_2,identify_marked_contact,20260690,10,4,40,0,2.8,3.1,4.7238,3.7617,3.6,2.8,3.7617,3.5964,tier_2,5,,,5,50
gpt_5_2,identify_marked_contact,20260690,10,5,50,0,2.7,3.1,4.4571,2.89,3.29,2.7,2.89,3.2868,tier_2,7,,,7,50
gpt_5_3_chat,gain_watch_trust,20260302,1,1,1,1,5.0,2.46,4.2476,3.7595,3.87,4.7,3.1595,3.6418,tier_1,4,4,12,4,35
gpt_5_3_chat,gain_watch_trust,20260302,1,2,11,0,3.4667,2.8,4.8,3.4756,3.64,3.4667,3.4756,3.6356,tier_1,4,4,14,4,50
gpt_5_3_chat,gain_watch_trust,20260302,1,3,21,1,5.0,2.4714,4.5238,3.8131,3.95,4.4778,3.2131,3.6715,tier_1,6,6,29,6,47
gpt_5_3_chat,gain_watch_trust,20260302,1,4,31,1,4.3889,2.7,4.1143,3.55,3.69,3.5889,2.95,3.3383,tier_1,5,5,11,5,13
gpt_5_3_chat,gain_watch_trust,20260302,1,5,41,0,3.5556,3.4538,4.7238,4.0456,3.94,3.5556,4.0456,3.9447,tier_1,6,6,12,6,50
gpt_5_3_chat,gain_watch_trust,20260399,3,1,3,0,3.2889,3.5286,4.5143,3.8886,3.81,3.2889,3.8886,3.8051,tier_1,5,5,12,5,50
gpt_5_3_chat,gain_watch_trust,20260399,3,2,13,0,3.7333,3.5,4.5905,3.8067,3.91,3.7333,3.8067,3.9076,tier_1,4,4,12,4,50
gpt_5_3_chat,gain_watch_trust,20260399,3,3,23,1,5.0,2.66,4.3905,3.7236,3.94,4.3,3.1236,3.6185,tier_1,7,7,11,7,43
gpt_5_3_chat,gain_watch_trust,20260399,3,4,33,0,3.9556,2.8571,4.6571,3.5157,3.75,3.9556,3.5157,3.7464,tier_1,6,6,15,6,50
gpt_5_3_chat,gain_watch_trust,20260399,3,5,43,0,4.4,2.45,4.6667,3.0833,3.65,4.4,3.0833,3.65,tier_1,9,9,15,9,50
gpt_5_3_chat,gain_watch_trust,20260496,5,1,5,1,4.3889,2.4,4.3238,3.5917,3.68,3.5889,2.9917,3.3261,tier_1,5,5,17,5,24
gpt_5_3_chat,gain_watch_trust,20260496,5,2,15,1,4.4333,2.5667,4.1143,3.57,3.67,3.6333,2.97,3.3211,tier_1,4,4,13,4,18
gpt_5_3_chat,gain_watch_trust,20260496,5,3,25,0,3.6,2.9429,4.7333,3.6352,3.73,3.6,3.6352,3.7279,tier_1,5,5,14,5,50
gpt_5_3_chat,gain_watch_trust,20260496,5,4,35,0,4.4,3.44,4.381,3.4283,3.91,4.4,3.4283,3.9123,tier_1,5,5,15,5,50
gpt_5_3_chat,gain_watch_trust,20260496,5,5,45,0,3.4222,2.7273,4.5905,3.4221,3.54,3.4222,3.4221,3.5405,tier_1,8,8,15,8,50
gpt_5_3_chat,gain_watch_trust,20260593,7,1,7,1,4.7444,2.54,4.181,3.6917,3.79,3.9444,3.0917,3.4393,tier_1,5,5,12,5,24
gpt_5_3_chat,gain_watch_trust,20260593,7,2,17,0,4.0,3.0,4.5905,3.4244,3.75,4.0,3.4244,3.7537,tier_1,6,6,15,6,50
gpt_5_3_chat,gain_watch_trust,20260593,7,3,27,0,3.7333,2.9429,4.5238,3.3962,3.65,3.7333,3.3962,3.649,tier_1,8,8,40,8,50
gpt_5_3_chat,gain_watch_trust,20260593,7,4,37,0,3.7333,3.0824,4.7333,3.5943,3.79,3.7333,3.5943,3.7858,tier_1,5,5,11,5,50
gpt_5_3_chat,gain_watch_trust,20260593,7,5,47,0,4.2222,2.65,4.7238,3.3733,3.74,4.2222,3.3733,3.7423,tier_1,4,4,13,4,50
gpt_5_3_chat,gain_watch_trust,20260690,9,1,9,1,4.5667,2.34,4.4,3.63,3.73,3.7667,3.03,3.3842,tier_1,7,7,19,7,27
gpt_5_3_chat,gain_watch_trust,20260690,9,2,19,0,3.4667,3.4143,4.8,3.9886,3.92,3.4667,3.9886,3.9174,tier_1,9,9,14,9,50
gpt_5_3_chat,gain_watch_trust,20260690,9,3,29,1,4.5667,2.6429,4.3238,3.6699,3.8,3.7667,3.0699,3.4508,tier_1,6,6,21,6,23
gpt_5_3_chat,gain_watch_trust,20260690,9,4,39,0,2.9778,2.8,4.8,3.5067,3.52,2.9778,3.5067,3.5211,tier_1,7,7,,7,50
gpt_5_3_chat,gain_watch_trust,20260690,9,5,49,1,4.4333,2.7,4.1143,3.57,3.7,3.6333,2.97,3.3544,tier_1,6,6,15,6,18
gpt_5_3_chat,identify_marked_contact,20260302,2,1,2,0,2.8,3.48,4.7333,3.77,3.7,2.8,3.77,3.6958,tier_1,6,6,,6,50
gpt_5_3_chat,identify_marked_contact,20260302,2,2,12,1,5.0,3.1,4.8,4.6917,4.4,5.0,4.0917,4.2479,tier_1,6,,,6,30
gpt_5_3_chat,identify_marked_contact,20260302,2,3,22,1,5.0,3.0857,4.8,4.4929,4.34,5.0,3.8929,4.1946,tier_1,7,7,,7,44
gpt_5_3_chat,identify_marked_contact,20260302,2,4,32,0,2.0,3.3273,4.7238,3.5288,3.39,2.0,3.5288,3.395,tier_1,7,7,,7,50
gpt_5_3_chat,identify_marked_contact,20260302,2,5,42,0,2.0,2.4769,4.4571,3.2885,3.06,2.0,3.2885,3.0556,tier_1,6,6,,6,50
gpt_5_3_chat,identify_marked_contact,20260399,4,1,4,1,5.0,2.58,4.0048,3.6761,3.82,4.6,3.0761,3.5652,tier_1,5,,,5,23
gpt_5_3_chat,identify_marked_contact,20260399,4,2,14,1,5.0,2.5,4.3143,3.6417,3.86,4.6,3.0417,3.614,tier_1,6,,,6,24
gpt_5_3_chat,identify_marked_contact,20260399,4,3,24,0,2.0,2.2429,4.4571,2.56,2.81,2.0,2.56,2.815,tier_1,6,,,6,50
gpt_5_3_chat,identify_marked_contact,20260399,4,4,34,1,5.0,2.8,4.8,4.5708,4.29,4.6,3.9708,4.0427,tier_1,7,7,,7,40
gpt_5_3_chat,identify_marked_contact,20260399,4,5,44,0,2.0,2.6,4.6,3.3333,3.13,2.0,3.3333,3.1333,tier_1,6,6,,6,50
gpt_5_3_chat,identify_marked_contact,20260496,6,1,6,0,2.0,2.38,4.6,2.56,2.88,2.0,2.56,2.885,tier_1,6,,,6,50
gpt_5_3_chat,identify_marked_contact,20260496,6,2,16,1,5.0,2.5,4.3905,3.8167,3.93,5.0,3.2167,3.7768,tier_1,7,,,7,25
gpt_5_3_chat,identify_marked_contact,20260496,6,3,26,0,2.0,3.28,4.6667,3.2533,3.3,2.0,3.2533,3.3,tier_1,5,,,5,50
gpt_5_3_chat,identify_marked_contact,20260496,6,4,36,0,2.0,3.7,4.4476,3.2017,3.34,2.0,3.2017,3.3373,tier_1,6,33,,6,50
gpt_5_3_chat,identify_marked_contact,20260496,6,5,46,0,2.0,2.7273,4.6,3.2955,3.16,2.0,3.2955,3.1557,tier_1,7,7,,7,50
gpt_5_3_chat,identify_marked_contact,20260593,8,1,8,1,5.0,3.6,4.1714,4.4333,4.3,4.6,3.8333,4.0512,tier_1,5,5,,5,21
gpt_5_3_chat,identify_marked_contact,20260593,8,2,18,0,2.0,3.7,4.9333,3.5517,3.55,2.0,3.5517,3.5462,tier_1,6,6,,6,50
gpt_5_3_chat,identify_marked_contact,20260593,8,3,28,1,5.0,3.1,4.4381,4.5861,4.28,4.6,3.9861,4.0311,tier_1,6,6,,6,36
gpt_5_3_chat,identify_marked_contact,20260593,8,4,38,1,5.0,3.8,4.5238,4.3619,4.42,4.6,3.7619,4.1714,tier_1,7,7,,7,28
gpt_5_3_chat,identify_marked_contact,20260593,8,5,48,1,5.0,3.2,4.5238,4.3619,4.27,4.6,3.7619,4.0214,tier_1,7,7,,7,28
gpt_5_3_chat,identify_marked_contact,20260690,10,1,10,0,2.0,2.8824,4.4571,3.3088,3.16,2.0,3.3088,3.1621,tier_1,8,8,,8,50
gpt_5_3_chat,identify_marked_contact,20260690,10,2,20,0,2.0,2.8,4.8667,3.4667,3.28,2.0,3.4667,3.2833,tier_1,7,7,,7,50
gpt_5_3_chat,identify_marked_contact,20260690,10,3,30,0,4.35,3.4,4.6476,3.8217,4.05,4.35,3.8217,4.0548,tier_1,8,8,,8,50
gpt_5_3_chat,identify_marked_contact,20260690,10,4,40,0,1.75,2.7,4.7238,2.9683,3.04,1.75,2.9683,3.0355,tier_1,10,10,,10,50
gpt_5_3_chat,identify_marked_contact,20260690,10,5,50,0,4.5846,2.8,4.8,3.985,4.04,4.5846,3.985,4.0424,tier_1,6,,,6,50
gpt_5_4,gain_watch_trust,20260302,1,1,1,0,3.9556,2.9,4.6571,3.3817,3.72,3.9556,3.3817,3.7236,tier_2,7,7,10,9,50
gpt_5_4,gain_watch_trust,20260302,1,2,11,1,4.6111,2.6,4.6,3.86,3.92,3.8111,3.26,3.5678,tier_2,5,5,20,5,25
gpt_5_4,gain_watch_trust,20260302,1,3,21,0,3.0667,3.5,4.7905,4.1167,3.87,3.0667,4.1167,3.8685,tier_2,6,6,,6,50
gpt_5_4,gain_watch_trust,20260302,1,4,31,1,5.0,2.4846,4.4571,3.775,3.93,4.6556,3.175,3.6931,tier_2,8,8,23,8,40
gpt_5_4,gain_watch_trust,20260302,1,5,41,1,4.3889,3.0364,4.8,4.3766,4.15,3.5889,3.7766,3.8005,tier_2,9,9,36,9,38
gpt_5_4,gain_watch_trust,20260399,3,1,3,1,4.3889,2.5,4.3238,3.5807,3.7,3.5889,2.9807,3.3484,tier_2,7,7,16,7,19
gpt_5_4,gain_watch_trust,20260399,3,2,13,1,4.7889,2.3,4.5238,3.7638,3.84,3.9889,3.1638,3.4941,tier_2,6,6,21,6,41
gpt_5_4,gain_watch_trust,20260399,3,3,23,0,3.3667,2.9143,4.8,3.3314,3.6,3.3667,3.3314,3.6031,tier_2,7,7,26,7,50
gpt_5_4,gain_watch_trust,20260399,3,4,33,1,4.3889,2.6429,4.3238,3.4594,3.7,3.5889,2.8594,3.3537,tier_2,6,6,17,8,23
gpt_5_4,gain_watch_trust,20260399,3,5,43,1,4.8778,2.7,4.7238,4.285,4.15,4.0778,3.685,3.7966,tier_2,7,7,31,7,50
gpt_5_4,gain_watch_trust,20260496,5,1,5,1,4.6889,2.6429,4.1571,3.75,3.81,3.8889,3.15,3.4597,tier_2,7,7,11,7,14
gpt_5_4,gain_watch_trust,20260496,5,2,15,1,4.6889,2.4429,4.5238,3.922,3.89,3.8889,3.322,3.5444,tier_2,7,7,27,7,31
gpt_5_4,gain_watch_trust,20260496,5,3,25,1,4.6889,2.6429,4.3238,3.7029,3.84,3.8889,3.1029,3.4896,tier_2,6,6,18,6,23
gpt_5_4,gain_watch_trust,20260496,5,4,35,1,4.7778,2.6429,4.2571,3.7275,3.85,3.9778,3.1275,3.5013,tier_2,7,7,12,10,16
gpt_5_4,gain_watch_trust,20260496,5,5,45,1,4.3889,2.7,4.3238,3.5157,3.73,3.5889,2.9157,3.3821,tier_2,7,7,10,7,17
gpt_5_4,gain_watch_trust,20260593,7,1,7,1,4.7889,3.9385,4.6571,4.8508,4.56,3.9889,4.2508,4.2088,tier_2,5,5,44,8,50
gpt_5_4,gain_watch_trust,20260593,7,2,17,1,5.0,3.38,4.6571,4.6218,4.41,4.2111,4.0218,4.0675,tier_2,7,7,16,7,39
gpt_5_4,gain_watch_trust,20260593,7,3,27,1,4.6889,2.4429,4.3238,3.7833,3.81,3.8889,3.1833,3.4597,tier_2,8,8,14,8,20
gpt_5_4,gain_watch_trust,20260593,7,4,37,0,3.0667,3.7385,4.8667,4.1133,3.95,3.0667,4.1133,3.9463,tier_2,7,7,11,7,50
gpt_5_4,gain_watch_trust,20260593,7,5,47,0,2.3778,3.7636,4.9333,4.0367,3.78,2.3778,4.0367,3.7779,tier_2,7,7,,7,50
gpt_5_4,gain_watch_trust,20260690,9,1,9,0,3.2333,4.04,5.0,4.36,4.16,3.2333,4.36,4.1583,tier_2,9,9,,9,50
gpt_5_4,gain_watch_trust,20260690,9,2,19,1,4.4333,2.58,4.3238,3.5357,3.72,3.6333,2.9357,3.3682,tier_2,7,7,13,7,17
gpt_5_4,gain_watch_trust,20260690,9,3,29,1,4.4333,3.0,4.5905,4.2708,4.07,3.6333,3.6708,3.7236,tier_2,6,6,31,6,33
gpt_5_4,gain_watch_trust,20260690,9,4,39,0,4.2222,2.4846,4.6,2.84,3.54,4.2222,2.84,3.5367,tier_2,5,5,13,7,50
gpt_5_4,gain_watch_trust,20260690,9,5,49,1,4.3889,2.6429,4.4571,3.7583,3.81,3.5889,3.1583,3.4618,tier_2,8,8,20,10,24
gpt_5_4,identify_marked_contact,20260302,2,1,2,1,5.0,3.7,4.381,4.7212,4.45,4.6,4.1212,4.2005,tier_2,7,7,,7,22
gpt_5_4,identify_marked_contact,20260302,2,2,12,0,4.42,3.5,4.8,4.4633,4.3,4.42,4.4633,4.2958,tier_2,7,7,,7,50
gpt_5_4,identify_marked_contact,20260302,2,3,22,0,2.0,3.0455,4.6667,3.6906,3.35,2.0,3.6906,3.3507,tier_2,7,7,,7,50
gpt_5_4,identify_marked_contact,20260302,2,4,32,1,5.0,3.7,4.5238,4.6556,4.47,4.6,4.0556,4.2198,tier_2,7,7,,7,27
gpt_5_4,identify_marked_contact,20260302,2,5,42,1,5.0,3.7,4.381,4.7212,4.45,4.6,4.1212,4.2005,tier_2,7,7,,7,22
gpt_5_4,identify_marked_contact,20260399,4,1,4,0,4.42,3.4,4.4476,4.38,4.16,4.42,4.38,4.1619,tier_2,7,7,,7,50
gpt_5_4,identify_marked_contact,20260399,4,2,14,1,5.0,3.7,4.581,4.9167,4.55,4.6,4.3167,4.2994,tier_2,7,7,,7,30
gpt_5_4,identify_marked_contact,20260399,4,3,24,1,5.0,3.5,4.6667,4.7364,4.48,4.6,4.1364,4.2258,tier_2,7,7,,7,33
gpt_5_4,identify_marked_contact,20260399,4,4,34,1,5.0,3.7,4.5238,4.6595,4.47,4.6,4.0595,4.2208,tier_2,7,7,,7,28
gpt_5_4,identify_marked_contact,20260399,4,5,44,0,2.0,3.1,4.7905,3.9667,3.46,2.0,3.9667,3.4643,tier_2,7,7,,7,50
gpt_5_4,identify_marked_contact,20260496,6,1,6,0,4.4,3.1,4.8667,4.3633,4.18,4.4,4.3633,4.1825,tier_2,6,,,6,50
gpt_5_4,identify_marked_contact,20260496,6,2,16,0,2.0,3.6538,4.6667,3.6541,3.49,2.0,3.6541,3.4937,tier_2,7,7,,7,50
gpt_5_4,identify_marked_contact,20260496,6,3,26,0,4.3,2.9615,4.6667,3.969,3.97,4.3,3.969,3.9743,tier_2,7,7,,7,50
gpt_5_4,identify_marked_contact,20260496,6,4,36,1,5.0,3.6,4.6571,5.0,4.56,4.6,4.4583,4.3289,tier_2,6,19,,6,32
gpt_5_4,identify_marked_contact,20260496,6,5,46,1,5.0,3.7,4.381,4.7167,4.45,4.6,4.1167,4.1994,tier_2,7,7,,7,20
gpt_5_4,identify_marked_contact,20260593,8,1,8,1,5.0,3.7,4.381,4.7167,4.45,4.6,4.1167,4.1994,tier_2,7,7,,7,20
gpt_5_4,identify_marked_contact,20260593,8,2,18,1,5.0,3.7,4.381,4.7111,4.45,4.6,4.1111,4.198,tier_2,7,7,,7,18
gpt_5_4,identify_marked_contact,20260593,8,3,28,1,5.0,3.7,4.381,4.7167,4.45,4.6,4.1167,4.1994,tier_2,7,7,,7,20
gpt_5_4,identify_marked_contact,20260593,8,4,38,1,5.0,3.4,4.5143,4.6379,4.39,4.6,4.0379,4.138,tier_2,6,,,6,22
gpt_5_4,identify_marked_contact,20260593,8,5,48,0,3.4923,3.3538,4.7333,4.34,3.98,3.4923,4.34,3.9799,tier_2,7,7,,7,50
gpt_5_4,identify_marked_contact,20260690,10,1,10,0,2.0,2.9,4.6667,3.6433,3.3,2.0,3.6433,3.3025,tier_2,8,8,,8,50
gpt_5_4,identify_marked_contact,20260690,10,2,20,1,5.0,3.5,4.5238,4.731,4.44,4.6,4.131,4.1887,tier_2,8,8,,8,28
gpt_5_4,identify_marked_contact,20260690,10,3,30,1,5.0,3.7,4.381,4.714,4.45,4.6,4.114,4.1987,tier_2,7,7,,7,19
gpt_5_4,identify_marked_contact,20260690,10,4,40,1,5.0,3.8667,4.8,5.0,4.67,4.6,4.4438,4.4276,tier_2,7,21,,7,43
gpt_5_4,identify_marked_contact,20260690,10,5,50,1,5.0,3.7,4.381,4.714,4.45,4.6,4.114,4.1987,tier_2,7,7,,7,19
grok_4,gain_watch_trust,20260302,1,1,1,0,1.1778,3.1,4.8,3.56,3.16,1.1778,3.56,3.1594,tier_1,7,,,7,50
grok_4,gain_watch_trust,20260302,1,2,11,0,4.4,2.3774,4.2905,3.0167,3.52,4.4,3.0167,3.5211,tier_1,4,4,18,4,50
grok_4,gain_watch_trust,20260302,1,3,21,0,3.2889,3.0,4.2358,3.4096,3.48,3.2889,3.4096,3.4836,tier_1,6,8,27,11,50
grok_4,gain_watch_trust,20260302,1,4,31,1,4.3889,2.6429,4.0571,3.55,3.66,3.5889,2.95,3.3097,tier_1,8,8,12,8,16
grok_4,gain_watch_trust,20260302,1,5,41,1,4.3889,2.6,3.9143,3.55,3.61,3.5889,2.95,3.2633,tier_1,5,5,11,5,15
grok_4,gain_watch_trust,20260399,3,1,3,0,3.0667,2.84,4.5238,3.3433,3.44,3.0667,3.3433,3.4435,tier_1,4,4,17,4,50
grok_4,gain_watch_trust,20260399,3,2,13,0,4.4,2.3889,4.181,2.8925,3.47,4.4,2.8925,3.4656,tier_1,5,5,14,5,50
grok_4,gain_watch_trust,20260399,3,3,23,0,2.2444,3.3647,4.4465,3.7954,3.46,2.2444,3.7954,3.4628,tier_1,5,47,,5,50
grok_4,gain_watch_trust,20260399,3,4,33,0,2.8,3.6538,4.512,3.62,3.65,2.8,3.62,3.6465,tier_1,6,44,,6,50
grok_4,gain_watch_trust,20260399,3,5,43,0,1.0444,2.5692,4.5905,3.049,2.81,1.0444,3.049,2.8133,tier_1,4,,,4,50
grok_4,gain_watch_trust,20260496,5,1,5,0,1.0444,2.5692,4.5905,3.0121,2.8,1.0444,3.0121,2.8041,tier_1,4,,,4,50
grok_4,gain_watch_trust,20260496,5,2,15,0,1.0444,2.7333,4.6571,3.0867,2.88,1.0444,3.0867,2.8804,tier_1,4,,,4,50
grok_4,gain_watch_trust,20260496,5,3,25,0,4.2667,2.375,4.1238,2.9333,3.42,4.2667,2.9333,3.4247,tier_1,6,6,17,6,50
grok_4,gain_watch_trust,20260496,5,4,35,0,3.6889,2.2,4.2476,2.9767,3.28,3.6889,2.9767,3.2783,tier_1,6,6,16,6,50
grok_4,gain_watch_trust,20260496,5,5,45,0,3.6,2.3774,4.181,2.9133,3.27,3.6,2.9133,3.2679,tier_1,5,5,20,5,50
grok_4,gain_watch_trust,20260593,7,1,7,0,1.1333,2.92,4.2251,3.1675,2.86,1.1333,3.1675,2.8615,tier_1,5,,,5,50
grok_4,gain_watch_trust,20260593,7,2,17,0,1.1333,2.9615,4.6571,3.4838,3.06,1.1333,3.4838,3.059,tier_1,4,,,4,50
grok_4,gain_watch_trust,20260593,7,3,27,0,1.1333,2.8667,4.5905,3.2389,2.96,1.1333,3.2389,2.9573,tier_1,4,,,4,50
grok_4,gain_watch_trust,20260593,7,4,37,0,3.2778,3.3429,4.6571,3.5514,3.71,3.2778,3.5514,3.7073,tier_1,5,5,,5,50
grok_4,gain_watch_trust,20260593,7,5,47,0,1.1333,3.6789,4.6571,3.64,3.28,1.1333,3.64,3.2774,tier_1,3,,,3,50
grok_4,gain_watch_trust,20260690,9,1,9,0,1.1778,3.08,4.8,3.17,3.06,1.1778,3.17,3.0569,tier_1,6,,,6,50
grok_4,gain_watch_trust,20260690,9,2,19,0,1.1778,2.8118,4.5905,3.0661,2.91,1.1778,3.0661,2.9115,tier_1,6,,,6,50
grok_4,gain_watch_trust,20260690,9,3,29,0,2.2889,3.2182,4.3905,2.9321,3.21,2.2889,2.9321,3.2074,tier_1,7,47,,7,50
grok_4,gain_watch_trust,20260690,9,4,39,1,4.4778,3.2,4.2571,3.59,3.88,3.6778,2.99,3.5312,tier_1,8,8,20,8,21
grok_4,gain_watch_trust,20260690,9,5,49,0,1.1778,2.6364,4.5143,3.3273,2.91,1.1778,3.3273,2.9139,tier_1,8,,,8,50
grok_4,identify_marked_contact,20260302,2,1,2,0,2.0,2.6,4.456,3.3686,3.11,2.0,3.3686,3.1061,tier_1,4,,,4,50
grok_4,identify_marked_contact,20260302,2,2,12,0,3.6182,3.4545,4.7333,4.46,4.07,3.6182,4.46,4.0665,tier_1,4,26,,4,50
grok_4,identify_marked_contact,20260302,2,3,22,1,5.0,2.5,3.4286,3.6833,3.65,4.6,3.0833,3.403,tier_1,5,,,5,8
grok_4,identify_marked_contact,20260302,2,4,32,1,5.0,2.5,4.3476,3.9571,3.95,4.6,3.3571,3.7012,tier_1,22,,,22,28
grok_4,identify_marked_contact,20260302,2,5,42,0,2.0,2.44,4.2905,3.1417,2.97,2.0,3.1417,2.968,tier_1,5,,,6,50
grok_4,identify_marked_contact,20260399,4,1,4,1,5.0,2.5,3.4286,3.6833,3.65,4.6,3.0833,3.403,tier_1,6,,,6,9
grok_4,identify_marked_contact,20260399,4,2,14,0,2.0,3.0455,4.4238,3.6052,3.27,2.0,3.6052,3.2686,tier_1,6,6,,6,50
grok_4,identify_marked_contact,20260399,4,3,24,0,2.0,2.5429,4.5905,3.4595,3.15,2.0,3.4595,3.1482,tier_1,5,,,5,50
grok_4,identify_marked_contact,20260399,4,4,34,0,4.1846,2.7333,4.6571,3.82,3.85,4.1846,3.82,3.8488,tier_1,5,,,5,50
grok_4,identify_marked_contact,20260399,4,5,44,1,5.0,2.5,3.4286,3.6833,3.65,4.6,3.0833,3.403,tier_1,5,,,5,8
grok_4,identify_marked_contact,20260496,6,1,6,0,2.0,2.8,4.6571,3.505,3.24,2.0,3.505,3.2405,tier_1,5,,,5,50
grok_4,identify_marked_contact,20260496,6,2,16,1,5.0,3.16,4.4476,4.4855,4.27,4.6,3.8855,4.0233,tier_1,5,,,5,31
grok_4,identify_marked_contact,20260496,6,3,26,0,2.05,3.1,4.5798,3.1117,3.21,2.05,3.1117,3.2104,tier_1,50,,,50,50
grok_4,identify_marked_contact,20260496,6,4,36,1,5.0,3.16,4.4476,4.55,4.29,4.6,3.95,4.0394,tier_1,5,,,5,28
grok_4,identify_marked_contact,20260496,6,5,46,0,2.0,3.1286,4.7333,3.8367,3.42,2.0,3.8367,3.4246,tier_1,6,6,,6,50
grok_4,identify_marked_contact,20260593,8,1,8,1,5.0,3.16,4.4476,4.55,4.29,4.6,3.95,4.0394,tier_1,5,,,6,28
grok_4,identify_marked_contact,20260593,8,2,18,0,2.8,2.38,4.1691,3.0333,3.1,2.8,3.0333,3.0956,tier_1,4,,,4,50
grok_4,identify_marked_contact,20260593,8,3,28,1,5.0,3.4,4.1326,4.6,4.28,4.6,4.0,4.0331,tier_1,4,,,4,23
grok_4,identify_marked_contact,20260593,8,4,38,1,5.0,2.88,4.5905,4.4912,4.24,4.6,3.8912,3.9904,tier_1,4,,,4,34
grok_4,identify_marked_contact,20260593,8,5,48,1,5.0,3.16,4.0476,4.1889,4.1,4.6,3.5889,3.8491,tier_1,4,,,4,18
grok_4,identify_marked_contact,20260690,10,1,10,1,5.0,2.62,4.16,3.719,3.87,4.6,3.119,3.6248,tier_1,8,,,8,42
grok_4,identify_marked_contact,20260690,10,2,20,0,2.0,2.3,4.456,2.82,2.89,2.0,2.82,2.894,tier_1,7,,,7,50
grok_4,identify_marked_contact,20260690,10,3,30,1,5.0,2.6,4.3905,4.2095,4.05,4.6,3.6095,3.8,tier_1,7,,,7,35
grok_4,identify_marked_contact,20260690,10,4,40,0,2.0,3.2,4.8,3.4233,3.36,2.0,3.4233,3.3558,tier_1,5,,,5,50
grok_4,identify_marked_contact,20260690,10,5,50,1,5.0,2.6,4.6,4.35,4.14,4.6,3.75,3.8875,tier_1,10,10,,10,35
mistral_large,gain_watch_trust,20260302,1,1,1,0,4.4,2.575,4.3238,2.8733,3.54,4.4,2.8733,3.543,tier_1,6,6,11,6,50
mistral_large,gain_watch_trust,20260302,1,2,11,0,4.4,2.5706,4.1476,2.9567,3.52,4.4,2.9567,3.5187,tier_1,4,4,11,4,50
mistral_large,gain_watch_trust,20260302,1,3,21,0,4.4,2.575,4.3238,2.8733,3.54,4.4,2.8733,3.543,tier_1,6,6,12,6,50
mistral_large,gain_watch_trust,20260302,1,4,31,0,4.4,2.575,4.2476,2.9767,3.55,4.4,2.9767,3.5498,tier_1,5,5,11,5,50
mistral_large,gain_watch_trust,20260302,1,5,41,0,4.4,2.5857,4.2476,2.8967,3.53,4.4,2.8967,3.5325,tier_1,5,5,11,5,50
mistral_large,gain_watch_trust,20260399,3,1,3,0,4.4,2.5686,4.2238,2.9133,3.53,4.4,2.9133,3.5264,tier_1,6,6,13,6,50
mistral_large,gain_watch_trust,20260399,3,2,13,0,4.4,2.5774,4.2238,2.8333,3.51,4.4,2.8333,3.5086,tier_1,6,6,20,6,50
mistral_large,gain_watch_trust,20260399,3,3,23,0,3.7333,2.96,4.6,3.5133,3.7,3.7333,3.5133,3.7017,tier_1,6,6,13,6,50
mistral_large,gain_watch_trust,20260399,3,4,33,0,4.4,2.5632,3.981,2.9133,3.46,4.4,2.9133,3.4644,tier_1,5,5,11,5,50
mistral_large,gain_watch_trust,20260399,3,5,43,0,4.4,2.5667,3.981,2.9133,3.47,4.4,2.9133,3.4652,tier_1,5,5,11,5,50
mistral_large,gain_watch_trust,20260496,5,1,5,0,4.4,2.5828,4.2476,2.9367,3.54,4.4,2.9367,3.5418,tier_1,5,5,13,5,50
mistral_large,gain_watch_trust,20260496,5,2,15,0,4.4,2.575,4.2476,2.9767,3.55,4.4,2.9767,3.5498,tier_1,5,5,13,5,50
mistral_large,gain_watch_trust,20260496,5,3,25,0,4.4,2.5706,4.2238,2.8933,3.52,4.4,2.8933,3.5219,tier_1,4,4,11,4,50
mistral_large,gain_watch_trust,20260496,5,4,35,0,4.4,2.58,4.2476,2.9767,3.55,4.4,2.9767,3.5511,tier_1,5,5,11,5,50
mistral_large,gain_watch_trust,20260496,5,5,45,0,4.4,2.5706,4.3667,2.9133,3.56,4.4,2.9133,3.5626,tier_1,6,6,11,6,50
mistral_large,gain_watch_trust,20260593,7,1,7,0,4.4,2.5667,4.181,2.9133,3.52,4.4,2.9133,3.5152,tier_1,5,5,12,5,50
mistral_large,gain_watch_trust,20260593,7,2,17,0,4.4,2.5667,4.3238,2.8933,3.55,4.4,2.8933,3.546,tier_1,6,6,12,6,50
mistral_large,gain_watch_trust,20260593,7,3,27,0,4.4,2.575,4.3238,2.8733,3.54,4.4,2.8733,3.543,tier_1,6,6,12,6,50
mistral_large,gain_watch_trust,20260593,7,4,37,0,4.4,2.5727,4.181,2.8733,3.51,4.4,2.8733,3.5068,tier_1,4,4,10,4,50
mistral_large,gain_watch_trust,20260593,7,5,47,0,4.4,2.5706,4.2238,2.9133,3.53,4.4,2.9133,3.5269,tier_1,6,6,13,6,50
mistral_large,gain_watch_trust,20260690,9,1,9,0,4.4,2.38,4.2476,2.9367,3.49,4.4,2.9367,3.4911,tier_1,6,6,13,6,50
mistral_large,gain_watch_trust,20260690,9,2,19,0,4.4,2.5686,4.181,2.8933,3.51,4.4,2.8933,3.5107,tier_1,6,6,11,6,50
mistral_large,gain_watch_trust,20260690,9,3,29,0,4.4,2.575,4.1036,2.9767,3.51,4.4,2.9767,3.5138,tier_1,6,6,14,6,50
mistral_large,gain_watch_trust,20260690,9,4,39,0,4.4,2.5774,4.181,2.8733,3.51,4.4,2.8733,3.5079,tier_1,6,6,13,6,50
mistral_large,gain_watch_trust,20260690,9,5,49,0,4.4,2.9667,3.9048,2.9767,3.56,4.4,2.9767,3.562,tier_1,6,6,10,6,50
mistral_large,identify_marked_contact,20260302,2,1,2,1,5.0,3.3143,4.381,4.9254,4.41,4.6,4.3254,4.1552,tier_1,5,5,,5,36
mistral_large,identify_marked_contact,20260302,2,2,12,1,5.0,2.5,3.7381,3.6952,3.73,4.6,3.0952,3.4833,tier_1,4,,,4,14
mistral_large,identify_marked_contact,20260302,2,3,22,1,5.0,2.5,3.881,3.8667,3.81,5.0,3.2667,3.6619,tier_1,4,,,4,15
mistral_large,identify_marked_contact,20260302,2,4,32,1,5.0,3.4,3.9714,4.4333,4.2,4.6,3.8333,3.9512,tier_1,5,5,,5,18
mistral_large,identify_marked_contact,20260302,2,5,42,0,2.0,2.9846,3.9714,3.3262,3.07,2.0,3.3262,3.0705,tier_1,4,,,4,50
mistral_large,identify_marked_contact,20260399,4,1,4,1,5.0,2.5,3.7381,3.6952,3.73,4.6,3.0952,3.4833,tier_1,4,,,4,14
mistral_large,identify_marked_contact,20260399,4,2,14,1,5.0,3.1,4.3476,4.3917,4.21,4.6,3.7917,3.9598,tier_1,4,,,4,24
mistral_large,identify_marked_contact,20260399,4,3,24,0,2.0,2.44,4.0691,3.375,2.97,2.0,3.375,2.971,tier_1,4,,,4,50
mistral_large,identify_marked_contact,20260399,4,4,34,1,5.0,3.4,4.1381,4.4796,4.25,4.6,3.8796,4.0044,tier_1,5,5,,5,27
mistral_large,identify_marked_contact,20260399,4,5,44,1,5.0,2.5,3.7381,3.6897,3.73,4.6,3.0897,3.482,tier_1,4,,,4,13
mistral_large,identify_marked_contact,20260496,6,1,6,1,5.0,3.8429,4.3143,4.6601,4.45,4.6,4.0601,4.2043,tier_1,5,,,5,43
mistral_large,identify_marked_contact,20260496,6,2,16,1,5.0,2.5,3.7381,3.6897,3.73,4.6,3.0897,3.482,tier_1,4,,,4,13
mistral_large,identify_marked_contact,20260496,6,3,26,0,2.0,3.58,4.3714,3.94,3.47,2.0,3.94,3.4729,tier_1,4,22,,4,50
mistral_large,identify_marked_contact,20260496,6,4,36,1,5.0,2.8,3.9714,4.3274,4.02,4.6,3.7274,3.7747,tier_1,4,,,4,23
mistral_large,identify_marked_contact,20260496,6,5,46,0,2.0,2.7,4.1381,3.3608,3.05,2.0,3.3608,3.0497,tier_1,4,,,4,50
mistral_large,identify_marked_contact,20260593,8,1,8,1,5.0,2.8,3.9714,4.3254,4.02,4.6,3.7254,3.7742,tier_1,4,,,4,22
mistral_large,identify_marked_contact,20260593,8,2,18,1,5.0,3.0,3.9714,4.3,4.07,4.6,3.7,3.8179,tier_1,4,,,4,20
mistral_large,identify_marked_contact,20260593,8,3,28,1,5.0,2.8,3.9714,4.3232,4.02,4.6,3.7232,3.7737,tier_1,4,,,4,21
mistral_large,identify_marked_contact,20260593,8,4,38,1,5.0,2.5,3.7381,3.6897,3.73,4.6,3.0897,3.482,tier_1,4,,,4,13
mistral_large,identify_marked_contact,20260593,8,5,48,1,5.0,2.5,3.4286,3.6833,3.65,4.6,3.0833,3.403,tier_1,4,,,4,7
mistral_large,identify_marked_contact,20260690,10,1,10,1,5.0,2.5,4.3143,3.7275,3.89,4.6,3.1275,3.6354,tier_1,5,,,5,34
mistral_large,identify_marked_contact,20260690,10,2,20,1,5.0,3.3647,4.5238,4.9532,4.46,4.6,4.3532,4.2104,tier_1,7,7,,7,41
mistral_large,identify_marked_contact,20260690,10,3,30,1,5.0,3.0,4.0714,4.3065,4.09,4.6,3.7065,3.8445,tier_1,5,,,5,23
mistral_large,identify_marked_contact,20260690,10,4,40,0,2.0,2.7,4.1703,3.235,3.03,2.0,3.235,3.0263,tier_1,5,,,5,50
mistral_large,identify_marked_contact,20260690,10,5,50,1,5.0,3.1,4.1714,4.3083,4.14,4.6,3.7083,3.8949,tier_1,6,6,,6,17
olmo_3_1,gain_watch_trust,20260302,1,1,1,0,1.1778,1.5895,1.9928,2.2267,1.75,1.1778,2.2267,1.7467,tier_3,4,,,,50
olmo_3_1,gain_watch_trust,20260302,1,2,11,0,1.1778,1.61,1.9448,2.2267,1.74,1.1778,2.2267,1.7398,tier_3,4,,,,50
olmo_3_1,gain_watch_trust,20260302,1,3,21,0,1.1778,1.6154,1.9688,2.2067,1.74,1.1778,2.2067,1.7421,tier_3,5,,,,50
olmo_3_1,gain_watch_trust,20260302,1,4,31,0,1.1778,2.6429,2.705,2.4133,2.23,1.1778,2.4133,2.2347,tier_3,4,,,35,50
olmo_3_1,gain_watch_trust,20260302,1,5,41,0,1.1778,1.7512,1.9208,2.2467,1.77,1.1778,2.2467,1.7741,tier_3,5,,,,50
olmo_3_1,gain_watch_trust,20260399,3,1,3,0,4.2667,2.622,2.3474,2.79,3.01,4.2667,2.79,3.0065,tier_3,4,36,40,36,50
olmo_3_1,gain_watch_trust,20260399,3,2,13,0,1.0444,1.6526,1.9688,2.1667,1.71,1.0444,2.1667,1.7081,tier_3,4,,,,50
olmo_3_1,gain_watch_trust,20260399,3,3,23,0,1.0444,1.6462,1.9688,2.1667,1.71,1.0444,2.1667,1.7065,tier_3,4,,,,50
olmo_3_1,gain_watch_trust,20260399,3,4,33,0,1.0444,1.6667,2.0168,2.1667,1.72,1.0444,2.1667,1.7236,tier_3,4,,,,50
olmo_3_1,gain_watch_trust,20260399,3,5,43,0,1.0444,1.6526,1.9688,2.1667,1.71,1.0444,2.1667,1.7081,tier_3,4,,,,50
olmo_3_1,gain_watch_trust,20260496,5,1,5,0,1.0444,2.4568,2.489,2.3733,2.09,1.0444,2.3733,2.0909,tier_3,4,,,39,50
olmo_3_1,gain_watch_trust,20260496,5,2,15,0,4.4,2.4895,3.0223,2.79,3.18,4.4,2.79,3.1754,tier_3,4,15,22,15,50
olmo_3_1,gain_watch_trust,20260496,5,3,25,0,1.0444,1.7,1.9448,2.1867,1.72,1.0444,2.1867,1.719,tier_3,4,,,,50
olmo_3_1,gain_watch_trust,20260496,5,4,35,0,1.0444,1.7077,1.9688,2.1667,1.72,1.0444,2.1667,1.7219,tier_3,5,,,,50
olmo_3_1,gain_watch_trust,20260496,5,5,45,0,1.0444,1.5846,1.9208,2.1667,1.68,1.0444,2.1667,1.6791,tier_3,4,,,,50
olmo_3_1,gain_watch_trust,20260593,7,1,7,0,1.1333,1.5895,1.9928,2.1867,1.73,1.1333,2.1867,1.7256,tier_3,5,,,,50
olmo_3_1,gain_watch_trust,20260593,7,2,17,0,1.1333,1.58,1.9448,2.2267,1.72,1.1333,2.2267,1.7212,tier_3,4,,,,50
olmo_3_1,gain_watch_trust,20260593,7,3,27,0,1.1333,1.7,1.9448,2.2067,1.75,1.1333,2.2067,1.7462,tier_3,4,,,,50
olmo_3_1,gain_watch_trust,20260593,7,4,37,0,4.4,2.8385,2.4914,2.77,3.12,4.4,2.77,3.125,tier_3,4,31,38,31,50
olmo_3_1,gain_watch_trust,20260593,7,5,47,0,1.1333,2.5286,2.3954,2.33,2.1,1.1333,2.33,2.0968,tier_3,5,,,33,50
olmo_3_1,gain_watch_trust,20260690,9,1,9,0,1.1778,1.6595,2.2168,2.1667,1.81,1.1778,2.1667,1.8052,tier_3,6,,,,50
olmo_3_1,gain_watch_trust,20260690,9,2,19,0,1.1778,1.6526,2.1928,2.1867,1.8,1.1778,2.1867,1.8025,tier_3,6,,,,50
olmo_3_1,gain_watch_trust,20260690,9,3,29,0,1.1778,1.6743,2.2648,2.1267,1.81,1.1778,2.1267,1.8109,tier_3,6,,,,50
olmo_3_1,gain_watch_trust,20260690,9,4,39,0,1.1778,1.6667,2.2408,2.1467,1.81,1.1778,2.1467,1.808,tier_3,5,,,,50
olmo_3_1,gain_watch_trust,20260690,9,5,49,0,1.1778,1.5946,2.2168,2.1667,1.79,1.1778,2.1667,1.789,tier_3,6,,,,50
olmo_3_1,identify_marked_contact,20260302,2,1,2,0,1.0,1.6824,2.0648,2.0467,1.7,1.0,2.0467,1.6984,tier_3,5,,,,50
olmo_3_1,identify_marked_contact,20260302,2,2,12,0,1.0,1.64,2.0648,2.0267,1.68,1.0,2.0267,1.6829,tier_3,5,,,,50
olmo_3_1,identify_marked_contact,20260302,2,3,22,0,2.0,2.3364,2.3714,2.63,2.33,2.0,2.63,2.3344,tier_3,5,41,,41,50
olmo_3_1,identify_marked_contact,20260302,2,4,32,0,1.0,1.6182,2.0888,2.0267,1.68,1.0,2.0267,1.6834,tier_3,5,,,,50
olmo_3_1,identify_marked_contact,20260302,2,5,42,0,1.0,1.6182,2.0888,2.0267,1.68,1.0,2.0267,1.6834,tier_3,5,,,,50
olmo_3_1,identify_marked_contact,20260399,4,1,4,1,5.0,2.284,2.3114,3.5333,3.28,4.6,2.9333,3.0322,tier_3,5,,,37,40
olmo_3_1,identify_marked_contact,20260399,4,2,14,1,5.0,2.5462,2.4497,3.5529,3.39,4.6,2.9529,3.1372,tier_3,5,,,20,23
olmo_3_1,identify_marked_contact,20260399,4,3,24,0,2.0,2.3333,3.089,2.7333,2.54,2.0,2.7333,2.5389,tier_3,5,,,13,50
olmo_3_1,identify_marked_contact,20260399,4,4,34,0,1.0,1.7086,2.0648,2.0267,1.7,1.0,2.0267,1.7,tier_3,5,,,,50
olmo_3_1,identify_marked_contact,20260399,4,5,44,0,1.0,1.7636,2.0888,2.0267,1.72,1.0,2.0267,1.7198,tier_3,5,,,,50
olmo_3_1,identify_marked_contact,20260496,6,1,6,0,1.0,1.7429,2.0648,2.0467,1.71,1.0,2.0467,1.7136,tier_3,5,,,,50
olmo_3_1,identify_marked_contact,20260496,6,2,16,0,1.0,1.6118,2.0648,2.0267,1.68,1.0,2.0267,1.6758,tier_3,5,,,,50
olmo_3_1,identify_marked_contact,20260496,6,3,26,0,1.0,1.6743,2.0648,2.0267,1.69,1.0,2.0267,1.6914,tier_3,5,,,,50
olmo_3_1,identify_marked_contact,20260496,6,4,36,0,1.0,1.6824,2.0648,2.0267,1.69,1.0,2.0267,1.6934,tier_3,5,,,,50
olmo_3_1,identify_marked_contact,20260496,6,5,46,0,1.0,1.7636,2.0888,2.0267,1.72,1.0,2.0267,1.7198,tier_3,5,,,,50
olmo_3_1,identify_marked_contact,20260593,8,1,8,0,1.0,1.6824,2.0888,2.0267,1.7,1.0,2.0267,1.6994,tier_3,5,,,,50
olmo_3_1,identify_marked_contact,20260593,8,2,18,0,1.0,1.6743,2.0648,2.0467,1.7,1.0,2.0467,1.6964,tier_3,5,,,,50
olmo_3_1,identify_marked_contact,20260593,8,3,28,0,1.0,1.6824,2.0648,2.0467,1.7,1.0,2.0467,1.6984,tier_3,5,,,,50
olmo_3_1,identify_marked_contact,20260593,8,4,38,0,1.0,1.7636,2.1128,2.0267,1.73,1.0,2.0267,1.7258,tier_3,5,,,,50
olmo_3_1,identify_marked_contact,20260593,8,5,48,0,1.0,1.6118,2.0888,2.0267,1.68,1.0,2.0267,1.6818,tier_3,5,,,,50
olmo_3_1,identify_marked_contact,20260690,10,1,10,0,1.0,1.7176,2.3076,2.0467,1.77,1.0,2.0467,1.768,tier_3,5,,,,50
olmo_3_1,identify_marked_contact,20260690,10,2,20,0,1.0,1.6824,2.3076,2.0867,1.77,1.0,2.0867,1.7692,tier_3,5,,,,50
olmo_3_1,identify_marked_contact,20260690,10,3,30,0,1.0,1.6667,2.2596,2.0467,1.74,1.0,2.0467,1.7432,tier_3,5,,,,50
olmo_3_1,identify_marked_contact,20260690,10,4,40,0,1.0,1.8235,2.3076,2.0867,1.8,1.0,2.0867,1.8045,tier_3,5,,,,50
olmo_3_1,identify_marked_contact,20260690,10,5,50,0,1.0,1.7882,2.3076,2.0667,1.79,1.0,2.0667,1.7906,tier_3,5,,,,50
qwen_3_5,gain_watch_trust,20260302,1,1,1,0,4.4,2.6,4.5238,3.0633,3.65,4.4,3.0633,3.6468,tier_2,8,8,15,8,50
qwen_3_5,gain_watch_trust,20260302,1,2,11,0,4.4,2.6143,4.4571,2.9,3.59,4.4,2.9,3.5929,tier_2,8,8,22,8,50
qwen_3_5,gain_watch_trust,20260302,1,3,21,0,4.1333,2.6333,4.5238,2.9833,3.57,4.1333,2.9833,3.5685,tier_2,5,5,20,5,50
qwen_3_5,gain_watch_trust,20260302,1,4,31,0,4.3111,3.3526,4.6571,3.7426,4.02,4.3111,3.7426,4.0159,tier_2,8,8,14,8,50
qwen_3_5,gain_watch_trust,20260302,1,5,41,0,3.7333,3.5615,4.7238,3.9472,3.99,3.7333,3.9472,3.9915,tier_2,6,6,17,6,50
qwen_3_5,gain_watch_trust,20260399,3,1,3,0,3.3333,2.84,4.7238,3.5167,3.6,3.3333,3.5167,3.6035,tier_2,6,6,14,6,50
qwen_3_5,gain_watch_trust,20260399,3,2,13,0,4.2667,2.8,4.5905,3.3844,3.76,4.2667,3.3844,3.7604,tier_2,7,7,15,7,50
qwen_3_5,gain_watch_trust,20260399,3,3,23,0,3.9111,3.0824,4.5905,3.4355,3.75,3.9111,3.4355,3.7549,tier_2,6,6,18,6,50
qwen_3_5,gain_watch_trust,20260399,3,4,33,0,3.5111,3.82,4.6571,3.7767,3.94,3.5111,3.7767,3.9412,tier_2,7,7,22,7,50
qwen_3_5,gain_watch_trust,20260399,3,5,43,0,3.7778,3.04,4.4571,3.1433,3.6,3.7778,3.1433,3.6046,tier_2,5,5,13,5,50
qwen_3_5,gain_watch_trust,20260496,5,1,5,0,3.8222,3.0526,4.5238,3.3323,3.68,3.8222,3.3323,3.6827,tier_2,8,8,14,8,50
qwen_3_5,gain_watch_trust,20260496,5,2,15,0,4.4,2.4143,4.3905,2.8367,3.51,4.4,2.8367,3.5104,tier_2,6,6,18,6,50
qwen_3_5,gain_watch_trust,20260496,5,3,25,0,3.5111,3.7824,4.5905,3.7255,3.9,3.5111,3.7255,3.9024,tier_2,5,5,40,5,50
qwen_3_5,gain_watch_trust,20260496,5,4,35,0,3.2,3.4143,4.7905,3.971,3.84,3.2,3.971,3.8439,tier_2,8,8,17,8,50
qwen_3_5,gain_watch_trust,20260496,5,5,45,0,3.7778,3.4,4.6571,3.7925,3.91,3.7778,3.7925,3.9069,tier_2,7,7,11,7,50
qwen_3_5,gain_watch_trust,20260593,7,1,7,0,4.3111,3.02,4.3905,2.8367,3.64,4.3111,2.8367,3.6396,tier_2,8,8,29,8,50
qwen_3_5,gain_watch_trust,20260593,7,2,17,0,4.3111,3.0118,4.5905,3.3661,3.82,4.3111,3.3661,3.8199,tier_2,5,5,19,5,50
qwen_3_5,gain_watch_trust,20260593,7,3,27,0,3.3778,3.4429,4.6571,3.6614,3.78,3.3778,3.6614,3.7848,tier_2,8,8,41,8,50
qwen_3_5,gain_watch_trust,20260593,7,4,37,0,4.4,2.4263,4.5238,3.0033,3.59,4.4,3.0033,3.5884,tier_2,5,5,30,5,50
qwen_3_5,gain_watch_trust,20260593,7,5,47,0,4.2667,3.0091,4.3905,2.8367,3.63,4.2667,2.8367,3.6257,tier_2,7,7,22,7,50
qwen_3_5,gain_watch_trust,20260690,9,1,9,0,4.3556,2.6263,4.4571,2.98,3.6,4.3556,2.98,3.6048,tier_2,8,8,29,8,50
qwen_3_5,gain_watch_trust,20260690,9,2,19,0,4.2222,3.04,4.5143,3.555,3.83,4.2222,3.555,3.8329,tier_2,6,6,13,6,50
qwen_3_5,gain_watch_trust,20260690,9,3,29,0,3.9556,2.8,4.581,3.5711,3.73,3.9556,3.5711,3.7269,tier_2,7,7,26,7,50
qwen_3_5,gain_watch_trust,20260690,9,4,39,0,3.7333,3.0263,4.3238,2.7133,3.45,3.7333,2.7133,3.4492,tier_2,5,5,21,5,50
qwen_3_5,gain_watch_trust,20260690,9,5,49,0,3.7333,3.7667,4.5905,3.6422,3.93,3.7333,3.6422,3.9332,tier_2,9,9,20,9,50
qwen_3_5,identify_marked_contact,20260302,2,1,2,1,5.0,3.7,3.7048,4.3895,4.2,4.6,3.7895,3.9486,tier_2,7,7,,7,19
qwen_3_5,identify_marked_contact,20260302,2,2,12,1,5.0,3.76,4.4476,4.4563,4.42,4.6,3.8563,4.166,tier_2,18,,,18,32
qwen_3_5,identify_marked_contact,20260302,2,3,22,1,5.0,2.5,4.0476,3.7389,3.82,4.6,3.1389,3.5716,tier_2,6,,,6,18
qwen_3_5,identify_marked_contact,20260302,2,4,32,0,2.0,3.22,4.081,3.5533,3.21,2.0,3.5533,3.2136,tier_2,9,16,,9,50
qwen_3_5,identify_marked_contact,20260302,2,5,42,0,2.0,2.68,3.9476,3.0167,2.91,2.0,3.0167,2.9111,tier_2,6,15,,6,50
qwen_3_5,identify_marked_contact,20260399,4,1,4,1,5.0,3.76,4.6571,4.5476,4.49,4.6,3.9476,4.2412,tier_2,21,,,21,35
qwen_3_5,identify_marked_contact,20260399,4,2,14,1,5.0,3.1,3.6381,4.0583,3.95,4.6,3.4583,3.6991,tier_2,7,7,,7,12
qwen_3_5,identify_marked_contact,20260399,4,3,24,1,5.0,3.7,4.1381,4.6128,4.36,4.6,4.0128,4.1127,tier_2,6,6,,6,26
qwen_3_5,identify_marked_contact,20260399,4,4,34,0,2.0,3.22,4.281,3.5733,3.27,2.0,3.5733,3.2686,tier_2,7,7,,7,50
qwen_3_5,identify_marked_contact,20260399,4,5,44,1,5.0,3.7,4.4476,4.7167,4.47,4.6,4.1167,4.2161,tier_2,16,30,,16,30
qwen_3_5,identify_marked_contact,20260496,6,1,6,1,5.0,3.7,4.2143,4.6333,4.39,4.6,4.0333,4.1369,tier_2,7,7,,7,20
qwen_3_5,identify_marked_contact,20260496,6,2,16,1,5.0,3.7,4.1143,4.4981,4.33,4.6,3.8981,4.0781,tier_2,7,7,,7,27
qwen_3_5,identify_marked_contact,20260496,6,3,26,0,2.0,3.2,3.881,2.8933,2.99,2.0,2.8933,2.9936,tier_2,5,5,,5,50
qwen_3_5,identify_marked_contact,20260496,6,4,36,0,2.0,3.0,4.5143,3.3267,3.21,2.0,3.3267,3.2102,tier_2,18,42,,18,50
qwen_3_5,identify_marked_contact,20260496,6,5,46,1,5.0,3.7,3.8714,4.6278,4.3,4.6,4.0278,4.0498,tier_2,6,6,,6,18
qwen_3_5,identify_marked_contact,20260593,8,1,8,0,3.925,3.6571,4.581,4.391,4.14,3.925,4.391,4.1385,tier_2,9,13,,9,50
qwen_3_5,identify_marked_contact,20260593,8,2,18,0,2.0,3.1,4.1476,3.3067,3.14,2.0,3.3067,3.1386,tier_2,6,6,,6,50
qwen_3_5,identify_marked_contact,20260593,8,3,28,0,2.0,3.3,4.181,3.5333,3.25,2.0,3.5333,3.2536,tier_2,6,6,,6,50
qwen_3_5,identify_marked_contact,20260593,8,4,38,1,5.0,3.0538,4.4905,4.668,4.3,4.6,4.068,4.0531,tier_2,6,6,,6,43
qwen_3_5,identify_marked_contact,20260593,8,5,48,1,5.0,3.7,3.7048,4.475,4.22,4.6,3.875,3.9699,tier_2,6,11,,6,16
qwen_3_5,identify_marked_contact,20260690,10,1,10,1,5.0,3.4,3.8381,4.0667,4.08,4.6,3.4667,3.8262,tier_2,7,7,,7,15
qwen_3_5,identify_marked_contact,20260690,10,2,20,1,5.0,3.7,4.2476,4.3778,4.33,4.6,3.7778,4.0813,tier_2,11,19,,11,27
qwen_3_5,identify_marked_contact,20260690,10,3,30,0,2.0,4.02,4.4476,3.5967,3.52,2.0,3.5967,3.5161,tier_2,7,7,,7,50
qwen_3_5,identify_marked_contact,20260690,10,4,40,1,5.0,3.7,4.3143,4.5583,4.39,4.6,3.9583,4.1432,tier_2,6,17,,6,24
qwen_3_5,identify_marked_contact,20260690,10,5,50,0,2.0,3.4,4.5143,3.74,3.41,2.0,3.74,3.4136,tier_2,7,7,,7,50
